price,currency,neighborhood,rooms,surface
90000000.0,FCFA,PK21,20,270
35000.0,FCFA,Ndog-Bong,3,20
165000.0,FCFA,Cite des Palmiers,4,160
50000.0,FCFA,Kotto,4,50
500000.0,FCFA,Bonanjo,6,100
50000.0,FCFA,Kotto,4,88
50000.0,FCFA,Yassa,4,35
500000.0,FCFA,Bonanjo,6,100
90000000.0,FCFA,PK21,20,270
35000.0,FCFA,Ndog-Bong,3,20
165000.0,FCFA,Cite des Palmiers,4,160
50000.0,FCFA,Kotto,4,50
500000.0,FCFA,Bonanjo,6,100
50000.0,FCFA,Kotto,4,88
50000.0,FCFA,Yassa,4,35
500000.0,FCFA,Bonanjo,6,100
75000.0,FCFA,Logpom,6,90
75000.0,FCFA,Logpom,4,50
75000.0,FCFA,Logpom,4,40
40000.0,FCFA,Logpom,3,16
70000000.0,FCFA,PK21,11,270
120000.0,FCFA,Makepe,4,200
130000000.0,FCFA,Yassa,11,460
300000.0,FCFA,Bonamoussadi,9,200
230000.0,FCFA,Akwa,6,200
200000.0,FCFA,Bonamoussadi,
200000.0,FCFA,Logpom,8,200
450000.0,FCFA,Akwa,8,150
90000.0,FCFA,Makepe,4,200
150000.0,FCFA,Logpom,7,200
180000.0,FCFA,Logbessou,8,200
130000.0,FCFA,Logpom,6,200
40000.0,FCFA,Bonaberi,4,70
60000.0,FCFA,Cit� Sic,4,45
250000.0,FCFA,Makepe,14,250
110000.0,FCFA,Kotto,6,200
70000.0,FCFA,Kotto,5,150
150000.0,FCFA,Bonaberi,6,700
200000.0,FCFA,Bepanda,5,150
250000.0,FCFA,Makepe,5,300
400000.0,FCFA,Makepe,20,400
250000.0,FCFA,Makepe,15,300
400000.0,FCFA,Makepe,1,1
100000.0,FCFA,Yassa,8,200
120000000.0,FCFA,Yassa,12,400
125000.0,FCFA,PK9,6,00
250000.0,FCFA,Makepe,1,1
250000.0,FCFA,Makepe,10,300
35000.0,FCFA,Ndog-Bong,3,
250000.0,FCFA,Makepe,13,300
40000.0,FCFA,Bonamoussadi,3,200
30000.0,FCFA,Ange Raphael,2,12
120000.0,FCFA,Cite des Palmiers,6,00
80000000.0,FCFA,Douala,7,300
120000.0,FCFA,Bonamoussadi,3,110
75000.0,FCFA,PK13,5,100
40000.0,FCFA,Bonaberi,4,80
85000.0,FCFA,Logbessou,
90000000.0,FCFA,Japoma,10,500
50000.0,FCFA,Bepanda,4,
60000.0,FCFA,Kotto,4,70
65000.0,FCFA,Cit� Sic,4,50
55000.0,FCFA,Bonapriso,6,60
30000.0,FCFA,Kotto,3,50
3000000.0,FCFA,Cit� Sic,
25000.0,FCFA,Makepe,2,
30000.0,FCFA,Kotto,4,40
100000.0,FCFA,Village,8,75
35000.0,FCFA,Ange Raphael,3,
170000.0,FCFA,Logpom,9,250
65000.0,FCFA,Makepe,5,90
23000.0,FCFA,Ange Raphael,1,4
50000.0,FCFA,Yassa,4,350
35000.0,FCFA,Logbessou,3,15
30000.0,FCFA,Logbessou,4,70
70000.0,FCFA,Kotto,5,100
150000.0,FCFA,Makepe,10,300
100000.0,FCFA,Kotto,4,100
165000000.0,FCFA,Bonaberi,17,356
120000.0,FCFA,Kotto,6,100
90000.0,FCFA,Kotto,6,80
65000.0,FCFA,Ndog-Bong,4,658
100000.0,FCFA,Ndog-Bong,5,100
150000.0,FCFA,Ndokoti,5,100
27000000.0,FCFA,Cit� Sic,6,229
50000.0,FCFA,Makepe,4,71
130000.0,FCFA,Kotto,6,88
65000.0,FCFA,PK12,4,88
50000.0,FCFA,Yassa,4,350
350000.0,FCFA,Makepe,10,350
90000.0,FCFA,Yassa,6,650
80000.0,FCFA,Yassa,6,600
180000.0,FCFA,Deido,6,100
100000.0,FCFA,Ndogpassi3,7,650
120000.0,FCFA,Kotto,6,80
100000.0,FCFA,Kotto,7,100
180000.0,FCFA,Kotto,8,100
110000.0,FCFA,Logbessou,6,203
130000.0,FCFA,Kotto,8,302
200000.0,FCFA,Kotto,10,250
100000.0,FCFA,Kotto,7,100
35000.0,FCFA,Logbessou,4,80
150000.0,FCFA,Kotto,7,130
400000.0,FCFA,Bonapriso,3,80
400000.0,FCFA,Bonapriso,3,80
11500000.0,FCFA,Village,6,100
150000.0,FCFA,Nyalla,6,3000
100000.0,FCFA,Kotto,6,110
60000.0,FCFA,Ndog-Bong,4,654
60000.0,FCFA,Ange Raphael,4,654
100000.0,FCFA,Logbaba,6,2000
55000.0,FCFA,Makepe,4,60
70000.0,FCFA,Yassa,6,400
65000.0,FCFA,Yassa,6,600
80000.0,FCFA,Makepe,5,80
50000.0,FCFA,Yassa,4,350
55000.0,FCFA,Kotto,6,200
50000.0,FCFA,Makepe,5,100
50000.0,FCFA,Makepe,5,100
80000.0,FCFA,PK10,2,150
80000.0,FCFA,PK9,2,100
200000.0,FCFA,Bonamoussadi,1,1
200000.0,FCFA,Makepe,4,100
250000000.0,FCFA,Akwa,20,400
55000.0,FCFA,Beedi,4,100
30000.0,FCFA,Logbessou,3,100
500000.0,FCFA,Bonamoussadi,16,300
100000.0,FCFA,Kotto,8,200
120000.0,FCFA,Bonamoussadi,4,80
350000.0,FCFA,Ndokoti,20,520
85000.0,FCFA,Kotto,8,200
100000.0,FCFA,Kotto,8,200
60000.0,FCFA,Yassa,6,350
30000.0,FCFA,Beedi,4,100
70000.0,FCFA,Beedi,5,200
40000.0,FCFA,PK12,4,
6000.0,FCFA,Ndogpassi3,2,
50000.0,FCFA,Borne 10,4,350
60000.0,FCFA,Bonamoussadi,4,
110000.0,FCFA,Logbessou,15,210
18000000.0,FCFA,Bonaberi,8,500
120000.0,FCFA,Yassa,7,600
100000.0,FCFA,Makepe,13,200
85000.0,FCFA,Bonaberi,6,80
90000.0,FCFA,Yassa,7,600
100000.0,FCFA,Makepe,5,100
105000.0,FCFA,Makepe,1,1
350000.0,FCFA,Ndog-Bong,13,1
100000.0,FCFA,Makepe,6,90
80000.0,FCFA,Yassa,6,5500
270000.0,FCFA,Bonapriso,2,40
100000.0,FCFA,Village,6,206
75000.0,FCFA,Bonaberi,7,80
165000.0,FCFA,Logpom,6,
120000.0,FCFA,Makepe,4,120
75000.0,FCFA,Bonaberi,4,65
350000.0,FCFA,Makepe,8,350
60000.0,FCFA,Ange Raphael,4,
50000.0,FCFA,Cit� Sic,3,20
120000.0,FCFA,Bonamoussadi,4,120
8000000.0,FCFA,PK16,4,400
650000.0,FCFA,Bonamoussadi,8,600
25000.0,FCFA,Ange Raphael,2,
300000000.0,FCFA,Bonapriso,6,500
100000.0,FCFA,Bonamoussadi,5,150
205000.0,FCFA,Makepe,5,100
85000.0,FCFA,Logpom,15,200
150000.0,FCFA,Makepe,10,200
100000.0,FCFA,Kotto,4,110
130000.0,FCFA,Kotto,7,80
80000.0,FCFA,Makepe,4,110
135000.0,FCFA,Bonamoussadi,6,100
130000.0,FCFA,Beedi,13,200
80000.0,FCFA,Bonamoussadi,3,100
350000.0,FCFA,Bonamoussadi,8,300
40000.0,FCFA,Ndog-Bong,3,
75000.0,FCFA,Logbaba,7,70
65000.0,FCFA,PK12,4,80
45000.0,FCFA,Logpom,6,80
40000.0,FCFA,PK12,4,50
40000.0,FCFA,PK12,5,45
70000.0,FCFA,Makepe,6,90
45000.0,FCFA,Kotto,2,30
50000.0,FCFA,Kotto,4,30
110000.0,FCFA,Logbaba,8,100
50000.0,FCFA,Kotto,3,40
110000000.0,FCFA,Logpom,6,800
25000.0,FCFA,Ange Raphael,2,
100000.0,FCFA,Kotto,10,200
70000000.0,FCFA,Japoma,
45000.0,FCFA,Ndog-Bong,4,50
50000.0,FCFA,Yassa,4,350
45000.0,FCFA,Logpom,4,40
6500000.0,FCFA,PK14,6,90
150000000000.0,FCFA,Bilongue,
60000.0,FCFA,Logpom,6,00
700000.0,FCFA,Bonapriso,9,115
40000.0,FCFA,PK12,4,35
65000.0,FCFA,Yassa,6,650
85000.0,FCFA,Logbessou,6,100
85000.0,FCFA,Logbessou,8,80
60000.0,FCFA,Yassa,4,350
50000.0,FCFA,Bepanda,4,
85000.0,FCFA,Logbessou,4,100
100000.0,FCFA,Kotto,10,150
85000.0,FCFA,Grandoulin,6,
85000.0,FCFA,Logbessou,5,100
85000.0,FCFA,Logbessou,13,190
130000.0,FCFA,Kotto,
130000.0,FCFA,Kotto,13,200
35000.0,FCFA,Ange Raphael,3,
70000.0,FCFA,Bepanda,6,180
70000.0,FCFA,Cit� Sic,5,100
80000.0,FCFA,Kotto,6,150
40000.0,FCFA,Logpom,3,22
80000.0,FCFA,Logbaba,3,80
75000.0,FCFA,Ndogpassi,3,80
300000.0,FCFA,Ndog-Bong,6,150
150000.0,FCFA,Logpom,4,90
350000.0,FCFA,Ndog-Bong,13,300
600000000.0,FCFA,Makepe,12,700
110000.0,FCFA,Ndog-Bong,5,100
150000.0,FCFA,Bonapriso,3,100
50000.0,FCFA,PK12,5,102
70000.0,FCFA,Bepanda,5,201
150000.0,FCFA,Akwa,6,100
95000.0,FCFA,Makepe,5,50
70000.0,FCFA,Bepanda,6,49
100000000.0,FCFA,Ngodi,4,300
85000.0,FCFA,Makepe,4,110
700000.0,FCFA,Bonapriso,5,140
40000000.0,FCFA,Yassa,4,200
80000000.0,FCFA,PK10,4,400
17000000.0,FCFA,Yassa,4,300
105000.0,FCFA,Makepe,4,80
120000000.0,FCFA,Yassa,20,337
35000.0,FCFA,Ndog-Bong,3,20
150000.0,FCFA,Makepe,6,150
500000.0,FCFA,Bonapriso,6,100
75000.0,FCFA,Bonaberi,6,70
85000.0,FCFA,Bonaberi,5,65
200000.0,FCFA,Bali,6,115
150000.0,FCFA,Akwa,6,120
150000.0,FCFA,Bonaberi,8,100
24000.0,FCFA,Ange Raphael,2,13
70000000.0,FCFA,Makepe,20,550
125000.0,FCFA,Makepe,6,125
100000.0,FCFA,Makepe,4,100
1500000.0,FCFA,Akwa,8,100
95000.0,FCFA,Makepe,4,100
85000.0,FCFA,Makepe,6,99
300000.0,FCFA,Makepe,10,400
600000.0,FCFA,Bonamoussadi,14,450
350000.0,FCFA,Ndog-Bong,14,400
45000.0,FCFA,Bonaberi,4,40
90000.0,FCFA,Ndogpassi2,13,190
110000.0,FCFA,Ndog-Bong,13,190
85000.0,FCFA,Bonaberi,
25000.0,FCFA,Bonaberi,2,15
125000.0,FCFA,Bonaberi,8,
60000.0,FCFA,Bonaberi,5,50
85000.0,FCFA,Makepe,13,190
85000.0,FCFA,Makepe,6,100
70000.0,FCFA,Bonaberi,4,50
120000.0,FCFA,Kotto,6,80
35000.0,FCFA,Ndog-Bong,2,22
19000000.0,FCFA,Bonamoussadi,4,157
60000.0,FCFA,Logpom,4,50
100000.0,FCFA,Kotto,6,80
50000.0,FCFA,Bonaberi,4,45
350000.0,FCFA,Bonapriso,4,125
35000.0,FCFA,Ndog-Bong,2,20
350000.0,FCFA,Ndog-Bong,14,325
40000.0,FCFA,Logpom,3,142
85000.0,FCFA,Grandoulin,6,
50000.0,FCFA,Bepanda,4,
120000.0,FCFA,Yassa,6,205
100000.0,FCFA,Kotto,10,200
350000.0,FCFA,Ndog-Bong,14,500
35000.0,FCFA,Ange Raphael,3,
70000.0,FCFA,Yassa,4,234
85000.0,FCFA,Logpom,10,150
80000.0,FCFA,Bonaberi,6,32
150000.0,FCFA,Bonaberi,6,32
100000.0,FCFA,Bonaberi,6,32
80000.0,FCFA,Deido,6,100
110000.0,FCFA,Bonamoussadi,6,120
180000000.0,FCFA,Makepe,7,520
180000.0,FCFA,Bonaberi,7,800
67000000.0,FCFA,Bonamoussadi,4,300
27000000.0,FCFA,Cit� Sic,7,289
50000.0,FCFA,Bonaberi,4,45
35000.0,FCFA,Logpom,1,30
40000.0,FCFA,Makepe,1,30
45000.0,FCFA,PK15,2,50
150000.0,FCFA,Akwa,6,201
50000.0,FCFA,Bonaberi,4,32
50000.0,FCFA,Bonaberi,4,32
70000.0,FCFA,Bonaberi,4,32
30000.0,FCFA,Bonaberi,3,60
120000.0,FCFA,Nyalla,5,100
25000.0,FCFA,Logbessou,4,80
700000.0,FCFA,Bonamoussadi,3,95
100000.0,FCFA,PK13,8,80
350000.0,FCFA,Ndog-Bong,15,500
200000.0,FCFA,Bonamoussadi,13,250
150000.0,FCFA,Akwa,12,210
100000.0,FCFA,Beedi,15,200
35000.0,FCFA,Logbessou,4,50
50000.0,FCFA,Ndog-Bong,4,45
150000.0,FCFA,Akwa,5,120
50000.0,FCFA,Kotto,8,150
300000.0,FCFA,Ndog-Bong,13,200
75000.0,FCFA,Logpom,4,100
80000000.0,FCFA,Bassa,12,600
80000.0,FCFA,Kotto,8,110
50000.0,FCFA,Logbessou,4,205
70000.0,FCFA,Makepe,4,45
200000.0,FCFA,Bonamoussadi,8,100
350000.0,FCFA,Ndog-Bong,12,300
60000.0,FCFA,Beedi,5,5
80000.0,FCFA,Village,6,500
110000.0,FCFA,Village,6,550
80000.0,FCFA,Village,6,555
100000.0,FCFA,Village,6,750
100000.0,FCFA,Makepe,5,100
150000.0,FCFA,Makepe,10,200
300000.0,FCFA,Makepe,15,400
180000.0,FCFA,Bonamoussadi,4,125
250000.0,FCFA,Bonapriso,4,120
50000.0,FCFA,Yassa,4,350
150000.0,FCFA,Kotto,4,130
90000.0,FCFA,Yassa,7,550
24000000.0,FCFA,Yassa,10,300
300000.0,FCFA,Ndog-Bong,12,250
300000.0,FCFA,Ndog-Bong,18,400
100000.0,FCFA,Bonaberi,4,80
100000.0,FCFA,Logbessou,6,209
150000.0,FCFA,Makepe,8,140
175000.0,FCFA,Kotto,2,70
180000.0,FCFA,Bonamoussadi,7,100
70000.0,FCFA,Nyalla,4,5
150000.0,FCFA,Bonaberi,6,32
250000.0,FCFA,Makepe,11,300
100000.0,FCFA,Kotto,4,75
100000.0,FCFA,Bepanda,6,99
40000.0,FCFA,Logbessou,5,180
150000.0,FCFA,Logpom,5,
60000.0,FCFA,Logbessou,6,150
90000.0,FCFA,Beedi,13,190
110000.0,FCFA,Logpom,8,280
205000.0,FCFA,Bonamoussadi,4,130
50000.0,FCFA,PK12,5,150
80000.0,FCFA,Bonamoussadi,3,100
115000.0,FCFA,Logbessou,3,110
100000.0,FCFA,Bonapriso,4,
30000.0,FCFA,Cit� Sic,5,50
110000.0,FCFA,Bonamoussadi,6,
115000.0,FCFA,Makepe,4,120
230000000.0,FCFA,Cite des Palmiers,16,500
220000.0,FCFA,Bonamoussadi,4,130
150000000.0,FCFA,Dakar,15,300
100000.0,FCFA,Ndog-Bong,5,70
60000.0,FCFA,Bonaberi,5,32
130000.0,FCFA,Akwa Nord,8,130
100000.0,FCFA,Logbessou,6,120
120000.0,FCFA,Logpom,7,120
130000000.0,FCFA,Yassa,6,460
3000000.0,FCFA,Logpom,20,809
25000.0,FCFA,Logpom,2,12
150000.0,FCFA,Bonaberi,
75000.0,FCFA,Logbaba,7,50
35000.0,FCFA,PK13,2,
80000.0,FCFA,Logpom,13,160
80000.0,FCFA,Deido,13,190
400000.0,FCFA,Bonapriso,9,
75000000.0,FCFA,Makepe,9,
150000000.0,FCFA,Logpom,20,500
150000.0,FCFA,Bonapriso,4,
100000.0,FCFA,Bessengue,4,
500000.0,FCFA,Bonapriso,5,100
75000.0,FCFA,Bonamoussadi,6,90
35000.0,FCFA,Cit� Sic,3,60
150000.0,FCFA,Bonaberi,6,32
65000.0,FCFA,Cit� Sic,6,90
45000.0,FCFA,Deido,1,30
90000.0,FCFA,Kotto,3,80
80000.0,FCFA,Deido,3,80
130000.0,FCFA,Akwa Nord,15,250
200000.0,FCFA,Bonapriso,5,100
110000.0,FCFA,Bonamoussadi,6,72
35000.0,FCFA,Logpom,3,100
75000.0,FCFA,PK12,5,50
50000.0,FCFA,Ndog-Bong,4,50
75000.0,FCFA,Bonamoussadi,5,45
135000.0,FCFA,Bonamoussadi,5,100
130000.0,FCFA,Akwa Nord,6,120
100000.0,FCFA,Kotto,6,88
70000.0,FCFA,Nyalla,5,204
135000.0,FCFA,Bonamoussadi,6,99
35000.0,FCFA,Nyalla,3,145
150000.0,FCFA,Akwa Nord,7,99
19000000.0,FCFA,Akwa,15,70
65000.0,FCFA,Ndog-Bong,4,654
100000.0,FCFA,Ndog-Bong,7,684
135000.0,FCFA,Kerawa,6,75
60000.0,FCFA,Logpom,6,100
60000.0,FCFA,Yassa,6,70
50000.0,FCFA,Yassa,5,50
50000.0,FCFA,Yassa,5,50
100000.0,FCFA,Logbessou,6,302
50000.0,FCFA,PK12,5,206
130000000.0,FCFA,Yassa,12,400
100000.0,FCFA,PK10,6,1500
100000.0,FCFA,Logbaba,6,1500
125000.0,FCFA,Logpom,4,100
180000.0,FCFA,Logpom,9,3000
115000.0,FCFA,Logpom,13,210
135000.0,FCFA,Bonamoussadi,13,210
50000.0,FCFA,Ndog-Bong,6,80
70000.0,FCFA,Logbessou,5,130
60000.0,FCFA,Makepe,4,45
35000.0,FCFA,Logpom,3,1000
100000.0,FCFA,Makepe,13,220
90000.0,FCFA,Makepe,4,70
50000.0,FCFA,Ndog-Bong,6,90
115000.0,FCFA,Kotto,5,110
70000.0,FCFA,Bonaberi,4,70
150000.0,FCFA,Bonamoussadi,5,140
40000.0,FCFA,PK16,4,95
400000.0,FCFA,Bonapriso,2,40
400000.0,FCFA,Bonapriso,2,40
200000.0,FCFA,New Bell,8,120
80000.0,FCFA,New Bell,5,70
40000.0,FCFA,Logpom,3,30
25000.0,FCFA,Bonaberi,2,15
85000.0,FCFA,Logpom,10,200
50000.0,FCFA,Bonaberi,4,550
150000000.0,FCFA,Logpom,18,500
90000000.0,FCFA,Bonamoussadi,3,254
130000.0,FCFA,Bonamoussadi,5,140
60000.0,FCFA,Beedi,5,88
135000.0,FCFA,Bonamoussadi,6,90
70000.0,FCFA,Kotto,4,50
150000.0,FCFA,Bali,4,49
55000.0,FCFA,Bonaberi,4,550
750000.0,FCFA,Bonamoussadi,5,140
150000.0,FCFA,Bonaberi,7,800
170000.0,FCFA,Bonamoussadi,6,280
100000.0,FCFA,Nyalla,2,45
60000.0,FCFA,Logbessou,5,60
100000.0,FCFA,Makepe,6,100
40000.0,FCFA,Logbessou,4,45
150000.0,FCFA,Logbessou,8,80
100000.0,FCFA,Logbessou,6,75
55000.0,FCFA,Nyalla,4,50
100000.0,FCFA,Nyalla,5,100
500000.0,FCFA,Bonamoussadi,10,280
250000.0,FCFA,Logpom,13,150
170000.0,FCFA,Logpom,8,120
90000.0,FCFA,Yassa,7,550
100000.0,FCFA,Logpom,6,110
155000.0,FCFA,Logbessou,
500000.0,FCFA,Bonapriso,9,115
100000.0,FCFA,Bonaberi,6,100
75000.0,FCFA,Bonaberi,6,32
150000.0,FCFA,Bonaberi,6,32
75000.0,FCFA,Logpom,6,130
170000.0,FCFA,Logpom,6,110
85000.0,FCFA,Logpom,10,200
70000.0,FCFA,Bonamoussadi,4,50
45000.0,FCFA,Bonaberi,4,32
40000.0,FCFA,Bonaberi,4,500
50000.0,FCFA,Bonaberi,4,550
25000.0,FCFA,Logpom,2,12
30000.0,FCFA,Logbessou,3,12
60000.0,FCFA,Bonaberi,5,60
60000.0,FCFA,Logbessou,5,198
40000.0,FCFA,Makepe,2,17
50000.0,FCFA,Bonamoussadi,4,50
150000.0,FCFA,Akwa,8,100
80000.0,FCFA,Logbaba,2,80
120000.0,FCFA,Logpom,5,
1800000.0,FCFA,Bali,20,600
60000.0,FCFA,Bonaberi,4,50
75000.0,FCFA,Bonaberi,7,70
100000.0,FCFA,Yassa,7,150
50000.0,FCFA,PK12,4,
45000.0,FCFA,Bonaberi,4,50
60000.0,FCFA,Logbessou,5,50
40000.0,FCFA,Logbessou,4,50
60000.0,FCFA,Logbessou,4,100
40000.0,FCFA,Logbessou,4,35
60000.0,FCFA,Logbessou,5,45
60000.0,FCFA,Logbessou,9,180
40000.0,FCFA,Logbessou,6,90
30000.0,FCFA,Logbessou,1,30
55000.0,FCFA,Yassa,2,50
35000.0,FCFA,Logpom,1,30
50000.0,FCFA,PK12,1,50
40000.0,FCFA,Logbessou,5,100
150000.0,FCFA,Logbessou,13,220
100000.0,FCFA,Logbessou,6,200
30000.0,FCFA,PK12,3,105
110000.0,FCFA,Yassa,7,600
230000.0,FCFA,Bonamoussadi,11,400
230000.0,FCFA,Bonamoussadi,11,400
23000000.0,FCFA,Douala,9,130
30000000.0,FCFA,PK12,5,210
600000.0,FCFA,Bonapriso,3,50
500000.0,FCFA,Bonapriso,3,60
45000.0,FCFA,Yassa,4,35
500000.0,FCFA,Bonapriso,6,150
50000.0,FCFA,PK12,5,45
150000.0,FCFA,Logbessou,9,110
50000.0,FCFA,PK12,4,40
50000.0,FCFA,PK12,3,100
150000.0,FCFA,Bonapriso,4,48
50000.0,FCFA,PK12,4,100
250000.0,FCFA,Bonaberi,9,100
900000.0,FCFA,Bonapriso,9,200
750000.0,FCFA,Bonamoussadi,7,200
85000.0,FCFA,Akwa Nord,5,99
85000.0,FCFA,Akwa Nord,5,100
85000.0,FCFA,Akwa Nord,5,80
65000.0,FCFA,Nyalla,7,70
85000.0,FCFA,Akwa Nord,5,65
35000.0,FCFA,Bonamoussadi,6,80
85000.0,FCFA,PK13,8,200
50000.0,FCFA,Logbessou,3,60
500000.0,FCFA,Bonamoussadi,9,190
180000.0,FCFA,Logpom,6,150
75000.0,FCFA,Logpom,6,90
150000.0,FCFA,Logpom,14,220
250000.0,FCFA,Logpom,9,300
150000.0,FCFA,Cit� Sic,7,80
90000000.0,FCFA,Makepe,15,325
75000.0,FCFA,Logpom,4,50
30000.0,FCFA,PK13,3,45
1300000.0,FCFA,Bonapriso,11,350
115000.0,FCFA,Kotto,5,125
115000.0,FCFA,Makepe,9,180
30000.0,FCFA,PK13,3,20
11500000.0,FCFA,Village,6,100
550000.0,FCFA,Bonamoussadi,14,250
600000.0,FCFA,Bonapriso,8,90
750000.0,FCFA,Bonamoussadi,13,300
550000.0,FCFA,Bonamoussadi,1,1
550000.0,FCFA,Bonamoussadi,1,1
220000.0,FCFA,Bonamoussadi,1,1
140000.0,FCFA,Makepe,9,120
30000000.0,FCFA,PK12,8,210
50000.0,FCFA,Logbessou,4,105
650000.0,FCFA,Bonapriso,8,100
550000.0,FCFA,Bonamoussadi,16,200
55000.0,FCFA,Logbaba,4,35
130000.0,FCFA,Kotto,5,100
80000.0,FCFA,Logbaba,2,40
80000.0,FCFA,Kotto,4,100
115000.0,FCFA,Makepe,5,200
55000.0,FCFA,Logbaba,4,35
100000.0,FCFA,Makepe,6,100
100000.0,FCFA,Beedi,13,200
50000.0,FCFA,Logbessou,3,40
11500000.0,FCFA,Village,5,100
85000.0,FCFA,PK13,8,180
200000.0,FCFA,Ndog-Bong,6,190
30000.0,FCFA,Ndog-Bong,4,50
40000.0,FCFA,PK14,
6000.0,FCFA,Ndogpassi2,2,15
40000.0,FCFA,Lendi,
100000.0,FCFA,Beedi,7,80
150000.0,FCFA,Cit� Sic,2,40
150000.0,FCFA,Ange Raphael,8,78
85000.0,FCFA,PK13,2,45
60000.0,FCFA,Beedi,6,60
200000.0,FCFA,Ange Raphael,5,
50000.0,FCFA,Makepe,6,80
45000.0,FCFA,Makepe,5,60
140000.0,FCFA,Makepe,13,220
170000.0,FCFA,Kotto,6,100
500000.0,FCFA,Bonapriso,8,80
85000.0,FCFA,PK13,4,100
130000.0,FCFA,Makepe,10,130
30000.0,FCFA,PK13,2,21
30000.0,FCFA,Logbessou,6,112
115000.0,FCFA,Makepe,6,40
200000.0,FCFA,Bonapriso,4,105
100000.0,FCFA,Kotto,13,200
90000.0,FCFA,Beedi,5,80
110000.0,FCFA,Beedi,3,72
150000.0,FCFA,Cit� Sic,13,200
30000.0,FCFA,Logbessou,3,25
100000.0,FCFA,Ndog-Bong,12,200
100000.0,FCFA,Kotto,6,100
150000.0,FCFA,Kotto,6,200
150000.0,FCFA,Ange Raphael,6,200
250000.0,FCFA,Bonamoussadi,8,200
100000.0,FCFA,PK12,6,25
90000.0,FCFA,PK13,8,46
30000.0,FCFA,Logbessou,3,16
150000.0,FCFA,Logbessou,6,100
150000.0,FCFA,Logbessou,8,100
150000.0,FCFA,Logbessou,8,100
90000.0,FCFA,PK13,6,205
150000000.0,FCFA,Logpom,14,500
70000.0,FCFA,Kotto,2,73
280000000.0,FCFA,Santa Babara,15,600
130000.0,FCFA,Beedi,6,01
60000.0,FCFA,Logbaba,5,50
180000.0,FCFA,Logbessou,8,01
140000000.0,FCFA,Yassa,12,400
75000.0,FCFA,PK13,5,01
60000.0,FCFA,Logpom,4,80
80000.0,FCFA,Kotto,4,01
100000.0,FCFA,Bessengue,5,
100000.0,FCFA,Bessengue,5,
35000.0,FCFA,Ndog-Bong,3,01
65000.0,FCFA,Ndogpassi2,6,70
140000000.0,FCFA,Yassa,6,400
80000.0,FCFA,Logbaba,7,80
80000.0,FCFA,Beedi,5,01
130000.0,FCFA,Beedi,15,220
40000.0,FCFA,Ndokoti,3,01
45000.0,FCFA,Ndog-Bong,2,01
500000.0,FCFA,Bonapriso,3,60
650000.0,FCFA,Bonapriso,2,50
130000.0,FCFA,Douala,13,200
140000.0,FCFA,Kotto,4,100
80000.0,FCFA,Kotto,5,100
100000.0,FCFA,Kotto,4,100
10000000.0,FCFA,Bepanda,5,90
400000.0,FCFA,Makepe,14,500
125000.0,FCFA,Beedi,15,210
205000.0,FCFA,Makepe,7,115
90000.0,FCFA,PK13,6,01
30000.0,FCFA,Logbessou,3,01
40000.0,FCFA,Ndog-Bong,3,40
130000.0,FCFA,Cit� Sic,6,150
205000.0,FCFA,Makepe,1,1
400000.0,FCFA,Makepe,14,300
400000.0,FCFA,Makepe,8,300
50000.0,FCFA,PK12,4,4
180000.0,FCFA,Grandoulin,6,100
100000.0,FCFA,Ndogsimbi,8,150
180000.0,FCFA,Logpom,10,200
230000.0,FCFA,Makepe,6,100
150000.0,FCFA,Logpom,1,1
250000.0,FCFA,Bonamoussadi,6,100
150000.0,FCFA,Makepe,6,100
150000.0,FCFA,Makepe,6,100
150000.0,FCFA,Logpom,6,100
225000.0,FCFA,Akwa,7,68
60000.0,FCFA,Bonaberi,5,32
100000.0,FCFA,Douala,5,50
35000.0,FCFA,Logbaba,3,25
25000000.0,FCFA,New Bell,
350000.0,FCFA,Bonamoussadi,7,100
85000.0,FCFA,PK13,14,200
60000.0,FCFA,Makepe,6,90
25000.0,FCFA,Logbessou,3,18
170000000.0,FCFA,Yassa,7,500
300000.0,FCFA,Bonapriso,8,350
30000.0,FCFA,Bonaberi,3,70
20500.0,FCFA,Makepe,5,100
25000.0,FCFA,Kotto,2,30
180000000.0,FCFA,Logpom,12,424
150000.0,FCFA,Ange Raphael,8,120
150000.0,FCFA,Ange Raphael,5,100
45000.0,FCFA,Beedi,5,70
60000.0,FCFA,Beedi,7,100
60000.0,FCFA,Beedi,7,100
130000.0,FCFA,Beedi,8,120
90000.0,FCFA,Ndog-Bong,4,150
130000.0,FCFA,Makepe,5,200
100000.0,FCFA,Logpom,1,155
100000.0,FCFA,Kotto,3,80
90000.0,FCFA,Nyalla,6,187
150000.0,FCFA,Kotto,6,100
40000.0,FCFA,Bonamoussadi,3,
85000.0,FCFA,Grandoulin,6,
40000.0,FCFA,Makepe,3,
90000.0,FCFA,Akwa,1,75
150000.0,FCFA,Kotto,6,206
90000.0,FCFA,Nyalla,5,1000
120000.0,FCFA,Ange Raphael,3,105
115000.0,FCFA,Makepe,5,100
170000.0,FCFA,Bonamoussadi,5,100
250000.0,FCFA,Makepe,15,250
130000.0,FCFA,Beedi,8,79
90000.0,FCFA,Beedi,6,75
350000.0,FCFA,Bonamoussadi,8,1
110000.0,FCFA,Bonamoussadi,4,
50000.0,FCFA,Village,4,350
140000.0,FCFA,Akwa,3,110
60000.0,FCFA,Yassa,4,400
110000.0,FCFA,Yassa,7,850
100000.0,FCFA,Yassa,6,950
100000.0,FCFA,Beedi,7,100
250000.0,FCFA,Logpom,9,300
175000.0,FCFA,Yassa,6,1200
50000.0,FCFA,Yassa,4,550
80000.0,FCFA,Yassa,6,850
220000.0,FCFA,Akwa,6,89
70000.0,FCFA,Yassa,5,550
40000.0,FCFA,Kotto,3,40
60000.0,FCFA,Yassa,5,350
75000.0,FCFA,Logpom,4,70
150000.0,FCFA,Kotto,7,100
65000.0,FCFA,Yassa,6,550
70000.0,FCFA,Kotto,4,70
500000.0,FCFA,Bonapriso,1,80
400000.0,FCFA,Bali,2,100
550000.0,FCFA,Bonapriso,3,100
400000.0,FCFA,Bali,3,100
800000.0,FCFA,Bonapriso,3,100
130000.0,FCFA,Bonaberi,6,600
85000.0,FCFA,Grandoulin,6,
100000.0,FCFA,Beedi,5,200
200000.0,FCFA,Ngodi,5,155
90000.0,FCFA,Beedi,5,190
130000.0,FCFA,Beedi,5,200
150000.0,FCFA,Logpom,6,105
650000.0,FCFA,Bonapriso,7,80
850000.0,FCFA,Bonapriso,10,250
40000.0,FCFA,Deido,3,15
30000.0,FCFA,Ange Raphael,4,45
80000.0,FCFA,Yassa,6,850
110000.0,FCFA,Beedi,8,75
65000.0,FCFA,Yassa,6,650
300000.0,FCFA,Bonaberi,6,500
60000.0,FCFA,Beedi,4,45
45000.0,FCFA,Beedi,4,100
100000.0,FCFA,Makepe,6,99
150000.0,FCFA,Kotto,5,100
80000.0,FCFA,Kotto,5,45
180000.0,FCFA,Logpom,9,79
75000.0,FCFA,Kotto,6,100
60000.0,FCFA,Akwa Nord,4,44
150000.0,FCFA,Makepe,6,100
150000.0,FCFA,Makepe,6,100
250000.0,FCFA,Makepe,6,100
80000.0,FCFA,Kotto,3,100
45000.0,FCFA,Beedi,4,77
150000.0,FCFA,Cit� Sic,12,190
85000000.0,FCFA,PK21,5,350
180000.0,FCFA,Cit� Sic,8,250
25000.0,FCFA,Ange Raphael,2,
150000.0,FCFA,Ndokoti,8,150
15000.0,FCFA,Lendi,
400000.0,FCFA,Kotto,9,180
60000.0,FCFA,Kotto,4,80
700000000.0,FCFA,Bonamoussadi,3,700
60000.0,FCFA,Bonamoussadi,4,71
70000000.0,FCFA,Logbessou,5,313
75000.0,FCFA,Ndogpassi,6,
80000000.0,FCFA,Logpom,4,625
250000000.0,FCFA,Logpom,5,750
60000.0,FCFA,Bonamoussadi,6,150
400000.0,FCFA,Kotto,
400000.0,FCFA,Kotto,
400000.0,FCFA,Kotto,
400000.0,FCFA,Kotto,
350000.0,FCFA,Bonamoussadi,6,100
80000.0,FCFA,Yassa,4,200
350000.0,FCFA,Bonamoussadi,6,100
100000.0,FCFA,Yassa,6,200
70000000.0,FCFA,PK21,15,270
150000000.0,FCFA,Logpom,14,500
16000.0,FCFA,Makepe,6,204
550000.0,FCFA,Bonapriso,11,250
125000.0,FCFA,Bonaberi,6,32
140000.0,FCFA,Logpom,8,250
150000.0,FCFA,Bonaberi,6,32
200000.0,FCFA,Bonaberi,7,32
120000.0,FCFA,Deido,6,110
80000.0,FCFA,Makepe,6,100
110000.0,FCFA,Dakar,8,120
180000.0,FCFA,Bonamoussadi,8,120
120000.0,FCFA,Makepe,6,110
750000.0,FCFA,Bonapriso,8,115
100000.0,FCFA,Makepe,6,110
300000.0,FCFA,Bali,6,105
100000.0,FCFA,Makepe,6,110
25000.0,FCFA,Ange Raphael,2,
25000.0,FCFA,PK16,3,25
150000.0,FCFA,Logpom,5,100
300000000.0,FCFA,Bonapriso,2,600
110000000.0,FCFA,Logpom,6,800
1500000000.0,FCFA,Village,
300000.0,FCFA,Bali,
120000.0,FCFA,Deido,7,
50000.0,FCFA,Bepanda,4,
100000.0,FCFA,Makepe,5,1
55000000.0,FCFA,PK21,18,270
28000000.0,FCFA,PK12,6,244
200000.0,FCFA,Yassa,8,1100
60000.0,FCFA,Beedi,4,50
50000.0,FCFA,Kotto,4,40
100000.0,FCFA,Makepe,5,80
90000.0,FCFA,Yassa,7,950
100000.0,FCFA,Kotto,5,100
175000.0,FCFA,Yassa,6,950
75000000.0,FCFA,Bonaberi,6,500
70000.0,FCFA,Village,5,590
150000.0,FCFA,Logpom,6,100
45000000.0,FCFA,Ndogpassi2,6,288
180000.0,FCFA,Bonamoussadi,14,200
160000000.0,FCFA,Logpom,12,475
150000.0,FCFA,Douala,6,
80000.0,FCFA,Kotto,5,100
100000.0,FCFA,Ndogpassi2,12,200
55000000.0,FCFA,PK21,16,270
75000.0,FCFA,PK13,5,99
150000.0,FCFA,Ange Raphael,8,120
150000.0,FCFA,Cit� Sic,12,200
75000.0,FCFA,PK13,12,190
190000000.0,FCFA,Logpom,20,475
200000.0,FCFA,Yassa,8,1200
650000.0,FCFA,Denver,15,500
150000.0,FCFA,Japoma,6,204
40000.0,FCFA,Ndokoti,3,22
650000.0,FCFA,Bonamoussadi,14,500
160000.0,FCFA,Yassa,7,950
38000000.0,FCFA,Bonaberi,7,362
120000.0,FCFA,Makepe,8,70
90000.0,FCFA,Kotto,5,100
65000.0,FCFA,Ndog-Bong,4,
50000.0,FCFA,Bonapriso,4,30
55000.0,FCFA,Ndogpassi2,4,50
1000000.0,FCFA,Bonapriso,11,400
110000.0,FCFA,Nyalla,10,90
750000.0,FCFA,Bali,8,200
35000.0,FCFA,Ndokoti,2,13
700000.0,FCFA,Bonapriso,2,70
45000.0,FCFA,Bonaberi,4,70
150000.0,FCFA,Yassa,2,40
200000.0,FCFA,Ndog-Bong,3,50
120000.0,FCFA,Kotto,2,35
125000.0,FCFA,Makepe,6,90
85000.0,FCFA,Makepe,4,70
250000000.0,FCFA,Dakar,20,300
180000.0,FCFA,Kotto,
180000.0,FCFA,Kotto,
180000.0,FCFA,Kotto,
75000.0,FCFA,Logpom,6,90
180000.0,FCFA,Kotto,5,1
150000.0,FCFA,Makepe,6,100
50000.0,FCFA,Logbessou,3,60
140000.0,FCFA,Logpom,6,88
110000.0,FCFA,Logbessou,5,80
180000.0,FCFA,Logpom,7,99
400000.0,FCFA,Bali,6,100
80000.0,FCFA,Ndogpassi,6,99
140000.0,FCFA,Logbessou,6,120
600000.0,FCFA,Douala,8,200
180000.0,FCFA,Logbessou,8,180
150000.0,FCFA,Logpom,6,85
100000.0,FCFA,Makepe,3,110
180000.0,FCFA,Logpom,6,150
350000.0,FCFA,Bonamoussadi,6,1
100000.0,FCFA,Makepe,6,80
190000.0,FCFA,Bonamoussadi,7,100
70000.0,FCFA,Bonaberi,6,70
200000.0,FCFA,Bonaberi,7,32
150000.0,FCFA,Bonaberi,6,32
125000.0,FCFA,Bonaberi,6,32
70000.0,FCFA,Bonaberi,5,550
1000000.0,FCFA,Bali,6,
200000.0,FCFA,Makepe,6,110
120000.0,FCFA,Deido,8,200
30000.0,FCFA,Bonaberi,4,20
50000.0,FCFA,Bonaberi,4,650
40000.0,FCFA,Bonaberi,4,500
90000.0,FCFA,Ange Raphael,2,65
100000.0,FCFA,Bepanda,6,
15000000.0,FCFA,Village,
100000.0,FCFA,Bonaberi,6,100
110000.0,FCFA,Logpom,5,100
100000.0,FCFA,Kotto,8,100
34000.0,FCFA,Ange Raphael,3,
45000000.0,FCFA,PK13,18,200
60000.0,FCFA,Ndog-Bong,4,
120000.0,FCFA,Deido,7,
110000.0,FCFA,Bonaberi,6,700
40000.0,FCFA,Bonaberi,4,500
80000.0,FCFA,Bonamoussadi,4,50
80000.0,FCFA,Bonamoussadi,4,88
150000.0,FCFA,Douala,6,
450000.0,FCFA,Douala,1,3
50000.0,FCFA,Bonamoussadi,6,90
80000.0,FCFA,Bonamoussadi,4,80
55000.0,FCFA,PK13,5,100
50000.0,FCFA,Kotto,3,17
30000.0,FCFA,Ange Raphael,3,15
300000.0,FCFA,Beedi,10,200
115000.0,FCFA,Logbessou,5,50
200000.0,FCFA,Douala,6,75
140000.0,FCFA,Kotto,8,80
55000.0,FCFA,PK13,5,102
75000.0,FCFA,Logbessou,6,49
15000000.0,FCFA,Logbessou,8,80
120000.0,FCFA,Logbessou,8,78
100000.0,FCFA,Logpom,8,78
300000.0,FCFA,Yassa,15,200
45000.0,FCFA,Bonaberi,4,70
180000.0,FCFA,Logpom,9,200
350000.0,FCFA,Bonamoussadi,10,350
100000.0,FCFA,Kotto,5,100
280000.0,FCFA,Bonamoussadi,5,550
30000.0,FCFA,Ange Raphael,3,01
40000.0,FCFA,Ndokoti,3,01
120000.0,FCFA,Bonamoussadi,13,200
150000.0,FCFA,Kotto,7,100
40000.0,FCFA,Village,4,350
70000.0,FCFA,Village,5,590
300000.0,FCFA,Bonapriso,7,
100000.0,FCFA,Bonapriso,6,
180000.0,FCFA,Kotto,5,280
45000.0,FCFA,Village,4,350
176000000.0,FCFA,Yassa,1,6300
150000.0,FCFA,Makepe,
175000.0,FCFA,Kotto,10,250
150000.0,FCFA,Ange Raphael,6,45
140000.0,FCFA,Kotto,6,
80000.0,FCFA,Kotto,5,100
80000.0,FCFA,Douala,7,120
30000.0,FCFA,Ndog-Bong,3,25
150000.0,FCFA,Cit� Sic,7,115
150000.0,FCFA,Logbessou,8,70
120000.0,FCFA,Deido,8,
90000.0,FCFA,Logbessou,4,50
80000.0,FCFA,Bonamoussadi,4,01
50000.0,FCFA,Douala,4,45
50000.0,FCFA,Kotto,3,22
60000.0,FCFA,Logpom,4,80
150000.0,FCFA,Bonamoussadi,6,110
150000.0,FCFA,Kotto,7,85
158000000.0,FCFA,Japoma,4,500
60000.0,FCFA,Logpom,6,90
80000.0,FCFA,Kotto,6,100
200000.0,FCFA,Bepanda,2,400
60000.0,FCFA,Logpom,4,50
140000.0,FCFA,Ndokoti,7,150
40000.0,FCFA,Douala,4,15
120000.0,FCFA,Logbessou,6,1
80000.0,FCFA,Beedi,5,01
25000.0,FCFA,Ndog-Bong,2,01
60000.0,FCFA,Bonaberi,4,50
30000.0,FCFA,Ndog-Bong,2,01
200000.0,FCFA,Makepe,7,01
40000.0,FCFA,Ndokoti,3,22
75000.0,FCFA,PK14,5,
350000.0,FCFA,Bonamoussadi,8,13
50000.0,FCFA,Bonamoussadi,4,01
90000.0,FCFA,Logpom,6,
125000.0,FCFA,Akwa,6,
90000.0,FCFA,Logbessou,13,200
90000.0,FCFA,Logbessou,4,100
55000.0,FCFA,PK13,4,80
150000.0,FCFA,Logbessou,4,100
150000.0,FCFA,Logbessou,13,200
55000.0,FCFA,PK13,4,50
90000.0,FCFA,Logbessou,6,100
120000.0,FCFA,PK13,6,200
100000.0,FCFA,Kotto,12,190
130000.0,FCFA,Bonaberi,6,600
160000.0,FCFA,Makepe,8,120
160000.0,FCFA,Makepe,8,110
165000.0,FCFA,Makepe,8,110
150000.0,FCFA,Kotto,5,100
30000.0,FCFA,Bonaberi,3,60
25000000.0,FCFA,Bonaberi,8,800
85000.0,FCFA,Logbessou,5,100
25000000.0,FCFA,Bassa,18,280
75000.0,FCFA,Logbessou,4,50
90000.0,FCFA,Logpom,6,120
120000.0,FCFA,Logbessou,8,70
200000.0,FCFA,Makepe,5,140
75000.0,FCFA,Logpom,6,90
35000.0,FCFA,Ange Raphael,3,
110000.0,FCFA,Yassa,8,100
150000.0,FCFA,Kotto,5,140
120000.0,FCFA,Kotto,5,100
120000.0,FCFA,Logbessou,5,100
35000.0,FCFA,Bonaberi,3,30
250000.0,FCFA,Bonamoussadi,5,140
50000000.0,FCFA,Logpom,3,500
22000000.0,FCFA,Beedi,10,309
100000.0,FCFA,Logpom,4,100
35000.0,FCFA,Ange Raphael,3,
100000.0,FCFA,Logpom,5,100
100000.0,FCFA,Bonamoussadi,5,150
30000.0,FCFA,Bonaberi,3,20
100000.0,FCFA,Logpom,8,60
250000.0,FCFA,Bonamoussadi,5,300
350000.0,FCFA,Bonamoussadi,5,100
80000.0,FCFA,Yassa,4,99
85000000.0,FCFA,PK8,20,600
150000.0,FCFA,Douala,6,
50000.0,FCFA,Ndog-Bong,4,88
130000.0,FCFA,Bonamoussadi,4,1
50000.0,FCFA,PK12,4,45
110000.0,FCFA,Deido,6,90
130000.0,FCFA,Akwa,4,30
150000.0,FCFA,Bonamoussadi,5,100
180000.0,FCFA,Ange Raphael,10,100
28000000.0,FCFA,Cit� Sic,7,289
80000.0,FCFA,Beedi,5,99
30000000.0,FCFA,Makepe,6,300
80000.0,FCFA,Logpom,4,46
70000.0,FCFA,Deido,4,80
70000.0,FCFA,Akwa,4,80
110000.0,FCFA,Logbessou,5,110
55000.0,FCFA,Yassa,4,50
40000.0,FCFA,Logpom,4,60
40000.0,FCFA,Ndog-Bong,5,80
18000000.0,FCFA,Nyalla,6,340
50000.0,FCFA,Logbessou,4,40
45000.0,FCFA,Logbessou,4,35
80000.0,FCFA,PK10,2,100
110000.0,FCFA,Yassa,8,100
40000.0,FCFA,Ndog-Bong,4,40
40000.0,FCFA,Ndog-Bong,4,01
160000.0,FCFA,Ndokoti,13,200
35000.0,FCFA,Ndog-Bong,3,90
70000.0,FCFA,Makepe,4,01
40000.0,FCFA,Ndog-Bong,4,30
60000.0,FCFA,Akwa,6,80
100000.0,FCFA,Akwa,12,200
110000.0,FCFA,Nyalla,3,65
27000000.0,FCFA,Cit� Sic,8,289
75000.0,FCFA,Kotto,5,100
140000.0,FCFA,Kotto,12,200
75000.0,FCFA,PK12,5,01
90000.0,FCFA,Ndog-Bong,4,01
130000.0,FCFA,Kotto,12,190
90000.0,FCFA,Logbessou,11,200
100000.0,FCFA,Beedi,11,200
80000.0,FCFA,Logpom,4,50
100000.0,FCFA,Bonamoussadi,9,70
180000.0,FCFA,Logbessou,7,150
140000.0,FCFA,Logbessou,6,100
45000.0,FCFA,Logbessou,4,100
65000000.0,FCFA,Logpom,12,406
150000000.0,FCFA,Logbessou,15,554
60000.0,FCFA,Yassa,4,88
70000.0,FCFA,Kotto,4,69
27000000.0,FCFA,Japoma,6,206
150000.0,FCFA,Logpom,7,
230000.0,FCFA,Akwa,9,190
60000000.0,FCFA,Yassa,15,200
200000.0,FCFA,Logpom,9,180
300000.0,FCFA,Bonamoussadi,9,190
60000.0,FCFA,Japoma,4,50
180000.0,FCFA,Ange Raphael,7,250
220000.0,FCFA,Makepe,7,
100000.0,FCFA,Bonaberi,6,32
70000.0,FCFA,Logpom,5,100
125000.0,FCFA,Logpom,8,110
150000.0,FCFA,Logbessou,7,110
150000.0,FCFA,Logbessou,6,115
90000.0,FCFA,Logbessou,6,100
180000.0,FCFA,Bonaberi,7,700
150000.0,FCFA,Bonaberi,8,700
180000.0,FCFA,Bonaberi,7,700
140000.0,FCFA,Bonaberi,6,600
350000.0,FCFA,Bonapriso,7,105
100000.0,FCFA,Bonaberi,6,500
200000.0,FCFA,Bonapriso,6,110
100000.0,FCFA,Bonaberi,6,500
350000.0,FCFA,Bonapriso,5,
350000.0,FCFA,Bonapriso,5,
65000000.0,FCFA,Logpom,3,406
300000.0,FCFA,Bonaberi,8,800
320000.0,FCFA,Bonaberi,1,400
150000.0,FCFA,Makepe,1,100
100000.0,FCFA,Bonaberi,6,32
160000.0,FCFA,Makepe,6,95
55000.0,FCFA,Ndogpassi2,5,50
80000.0,FCFA,Beedi,5,75
75000.0,FCFA,Kotto,5,80
70000.0,FCFA,Cit� Sic,4,45
170000.0,FCFA,Bonamoussadi,4,130
400000.0,FCFA,Bali,6,100
140000.0,FCFA,Kotto,8,150
140000.0,FCFA,Makepe,8,110
80000.0,FCFA,Akwa Nord,5,150
250000.0,FCFA,Bonamoussadi,2,95
120000.0,FCFA,Bonapriso,6,85
200000.0,FCFA,Bonamoussadi,7,
180000.0,FCFA,Denver,2,80
25000.0,FCFA,Logbessou,2,16
350000.0,FCFA,Bonaberi,10,165
100000.0,FCFA,Kotto,8,100
125000.0,FCFA,Cit� Sic,4,125
15000.0,FCFA,Bonanjo,
150000.0,FCFA,Makepe,2,90
80000.0,FCFA,Logpom,4,120
27000000.0,FCFA,Yassa,20,300
100000.0,FCFA,Makepe,4,72
70000.0,FCFA,Makepe,3,105
80000.0,FCFA,Makepe,4,50
150000.0,FCFA,Makepe,7,150
35000.0,FCFA,Ange Raphael,2,35
5000.0,FCFA,Ange Raphael,3,50
50000.0,FCFA,Bepanda,4,60
27000.0,FCFA,PK18,3,16
30000.0,FCFA,Bonaberi,3,32
100000.0,FCFA,Bonaberi,4,65
70000.0,FCFA,Logbessou,4,80
25000.0,FCFA,PK13,2,10
60000.0,FCFA,Bonaberi,4,32
30000.0,FCFA,Bonaberi,3,32
25000.0,FCFA,Nyalla,3,
70000.0,FCFA,Makepe,4,50
40000000.0,FCFA,Bonaberi,9,215
7000000.0,FCFA,Yassa,7,580
150000000.0,FCFA,Kotto,13,500
70000000.0,FCFA,Logpom,10,406
750000.0,FCFA,Bali,7,
175000.0,FCFA,Yassa,7,
40000000.0,FCFA,Kotto,7,300
160000.0,FCFA,Makepe,7,140
80000.0,FCFA,Makepe,5,
80000.0,FCFA,Beedi,5,99
55000000.0,FCFA,Kotto,9,300
70000.0,FCFA,Bessengue,4,50
60000.0,FCFA,Yassa,4,350
50000.0,FCFA,Bepanda,4,
50000.0,FCFA,Ange Raphael,4,
55000.0,FCFA,Nyalla,5,50
300000.0,FCFA,Bonamoussadi,10,300
70000.0,FCFA,Akwa Nord,5,100
125000.0,FCFA,Bp Cite,6,
130000.0,FCFA,Kotto,5,100
135000.0,FCFA,Kotto,7,140
60000.0,FCFA,Bonapriso,7,60
150000.0,FCFA,Ndog-Bong,7,
35000.0,FCFA,Ange Raphael,3,
140000.0,FCFA,Kotto,7,130
75000.0,FCFA,Kotto,4,50
120000.0,FCFA,Deido,7,
150000.0,FCFA,Douala,6,
75000.0,FCFA,PK12,6,100
350000.0,FCFA,Bonaberi,6,400
30000000.0,FCFA,Makepe,15,300
28000000.0,FCFA,Cit� Sic,7,289
150000.0,FCFA,Makepe,6,99
27000000.0,FCFA,Cit� Sic,7,289
100000.0,FCFA,Denver,1,70
220000.0,FCFA,Bonamoussadi,3,100
70000.0,FCFA,Kotto,2,80
70000.0,FCFA,Kotto,4,75
80000.0,FCFA,Yassa,6,580
50000.0,FCFA,Village,4,350
110000.0,FCFA,Village,6,1500
130000.0,FCFA,Logpom,14,150
100000.0,FCFA,Village,6,850
150000000.0,FCFA,Douala,17,600
90000.0,FCFA,Yassa,7,650
45000.0,FCFA,Village,4,350
100000.0,FCFA,Beedi,6,01
250000.0,FCFA,Bonaberi,9,900
60000.0,FCFA,Bonaberi,4,70
40000.0,FCFA,PK12,4,25
35000.0,FCFA,Ndog-Bong,2,22
140000.0,FCFA,Kotto,6,100
90000.0,FCFA,Logpom,6,80
40000.0,FCFA,Bonaberi,4,70
65000.0,FCFA,Beedi,5,99
27000000.0,FCFA,Ange Raphael,12,289
100000.0,FCFA,Bonapriso,2,80
50000.0,FCFA,Kotto,4,40
140000.0,FCFA,Kotto,6,100
100000.0,FCFA,Nyalla,7,80
40000.0,FCFA,Kotto,2,22
50000.0,FCFA,Kotto,3,20
45000.0,FCFA,Cit� Sic,4,30
130000.0,FCFA,Ngodi,6,25
150000.0,FCFA,Makepe,8,70
150000.0,FCFA,Makepe,6,120
80000.0,FCFA,Logpom,5,80
90000.0,FCFA,Yassa,6,950
300000.0,FCFA,Bonaberi,8,300
120000.0,FCFA,Yassa,7,950
140000.0,FCFA,Yassa,8,1200
150000.0,FCFA,Makepe,10,150
80000.0,FCFA,Makepe,5,100
35000.0,FCFA,Ange Raphael,3,
70000.0,FCFA,Akwa Nord,5,01
60000.0,FCFA,Ndog-Bong,4,
50000.0,FCFA,Bepanda,4,
130000.0,FCFA,Kotto,6,90
60000.0,FCFA,Yassa,4,350
70000.0,FCFA,Village,6,350
50000.0,FCFA,Village,4,350
90000.0,FCFA,Yassa,7,850
70000.0,FCFA,Village,5,850
35000.0,FCFA,Logbessou,2,18
70000.0,FCFA,Village,5,650
75000.0,FCFA,Yassa,4,350
65000.0,FCFA,Makepe,4,42
55000.0,FCFA,PK10,5,30
130000.0,FCFA,Logpom,8,302
150000000.0,FCFA,Yassa,14,400
50000.0,FCFA,PK10,4,187
60000.0,FCFA,Beedi,4,01
70000.0,FCFA,Cit� Sic,4,01
150000.0,FCFA,Cit� Sic,6,01
85000.0,FCFA,Logbaba,3,80
50000.0,FCFA,PK11,2,50
55000.0,FCFA,PK10,2,50
120000.0,FCFA,Bonamoussadi,6,100
60000.0,FCFA,Ndog-Bong,4,50
150000.0,FCFA,Cite des Palmiers,
60000.0,FCFA,Bassa,6,60
150000.0,FCFA,Cite des Palmiers,9,300
80000.0,FCFA,Kotto,7,74
150000.0,FCFA,Akwa,8,100
40000.0,FCFA,Bonaberi,4,40
100000.0,FCFA,Kotto,7,75
60000.0,FCFA,Bonaberi,4,50
25000.0,FCFA,Bonaberi,3,20
1000000.0,FCFA,Bonapriso,6,100
130000.0,FCFA,Logpom,1,100
75000.0,FCFA,Bonaberi,7,70
45000.0,FCFA,Bonaberi,4,50
150000.0,FCFA,Logpom,5,140
70000.0,FCFA,Cit� Sic,5,80
100000.0,FCFA,Kotto,8,120
100000.0,FCFA,Kotto,8,120
30000.0,FCFA,Makepe,3,80
210000.0,FCFA,Bonamoussadi,10,400
150000.0,FCFA,Bonamoussadi,7,120
25000.0,FCFA,Logbessou,3,90
75000.0,FCFA,Bonaberi,6,32
100000.0,FCFA,Bonaberi,6,32
25000.0,FCFA,Logbessou,3,50
30000.0,FCFA,Bonaberi,3,32
160000.0,FCFA,Beedi,12,150
120000.0,FCFA,Logpom,7,100
50000000.0,FCFA,Logpom,3,500
100000.0,FCFA,Beedi,7,130
120000.0,FCFA,Logpom,6,90
80000.0,FCFA,Kotto,6,70
750000.0,FCFA,Bali,8,120
65000000.0,FCFA,Logpom,3,406
150000.0,FCFA,Ndog-Bong,6,120
80000.0,FCFA,Makepe,5,99
75000.0,FCFA,Ange Raphael,4,70
65000.0,FCFA,Akwa Nord,5,66
50000.0,FCFA,Logbessou,5,60
400000.0,FCFA,Bonapriso,5,1
65000.0,FCFA,Akwa Nord,5,45
200000.0,FCFA,Bonapriso,6,100
65000.0,FCFA,Akwa Nord,6,65
120000.0,FCFA,Deido,7,
65000.0,FCFA,Douala,4,50
30000.0,FCFA,Bonaberi,3,60
40000.0,FCFA,Douala,
100000.0,FCFA,Akwa,6,100
100000.0,FCFA,Beedi,6,100
25000.0,FCFA,PK14,5,35
80000.0,FCFA,Beedi,7,100
60000.0,FCFA,PK8,5,80
150000.0,FCFA,Makepe,6,110
25000.0,FCFA,PK14,2,13
25000.0,FCFA,PK14,2,01
115000.0,FCFA,Logpom,8,200
500000.0,FCFA,Logpom,20,400
150000.0,FCFA,Bonamoussadi,10,250
40000.0,FCFA,Bonamoussadi,3,60
35000.0,FCFA,Beedi,3,100
65000.0,FCFA,Akwa Nord,4,45
35000.0,FCFA,Ange Raphael,3,
100000.0,FCFA,Beedi,5,60
130000.0,FCFA,Logpom,5,100
80000.0,FCFA,Beedi,8,200
60000.0,FCFA,Bonaberi,4,70
65000.0,FCFA,Beedi,6,180
100000.0,FCFA,Beedi,8,200
130000.0,FCFA,Logpom,9,140
250000.0,FCFA,Makepe,6,150
130000.0,FCFA,Logpom,4,
130000.0,FCFA,Logpom,4,
115000.0,FCFA,Logpom,4,
115000.0,FCFA,Logpom,4,
115000.0,FCFA,Logpom,4,
150000.0,FCFA,Makepe,4,450
50000.0,FCFA,Ndog-Bong,6,90
65000.0,FCFA,Logpom,4,85
75000.0,FCFA,Logpom,4,80
150000.0,FCFA,Logpom,13,200
80000.0,FCFA,Logpom,4,80
75000.0,FCFA,Logpom,6,120
150000.0,FCFA,Bonamoussadi,7,75
65000.0,FCFA,Beedi,6,56
60000.0,FCFA,Bonaberi,4,70
70000000.0,FCFA,Ndogpassi3,20,270
60000000.0,FCFA,Beedi,15,214
75000.0,FCFA,Ange Raphael,4,654
35000.0,FCFA,Bonamoussadi,3,01
25000000.0,FCFA,Cite des Palmiers,3,200
35000.0,FCFA,Ange Raphael,3,01
250000.0,FCFA,Akwa,6,01
30000.0,FCFA,Logbessou,2,01
150000.0,FCFA,Bonamoussadi,6,201
60000.0,FCFA,Logpom,6,
60000.0,FCFA,Bonaberi,4,70
150000.0,FCFA,Cit� Sic,8,1
750000.0,FCFA,PK12,5,205
40000.0,FCFA,Ange Raphael,4,546
150000.0,FCFA,Ndokoti,8,130
130000.0,FCFA,Makepe,7,150
115000.0,FCFA,Logpom,8,130
50000000.0,FCFA,Ndogpassi,8,300
100000.0,FCFA,Makepe,6,80
150000.0,FCFA,Bonaberi,6,
40000000.0,FCFA,Logbessou,13,250
50000000.0,FCFA,Logpom,13,500
50000000.0,FCFA,Logpom,13,500
25000000.0,FCFA,Logpom,12,450
120000.0,FCFA,Kotto,5,
50000000.0,FCFA,Bonaberi,12,570
70000.0,FCFA,Logpom,6,60
200000.0,FCFA,Bali,7,80
80000.0,FCFA,Beedi,6,75
250000.0,FCFA,Kotto,
85000.0,FCFA,Deido,4,90
110000.0,FCFA,Deido,2,90
350000.0,FCFA,Bonapriso,8,80
60000.0,FCFA,Logpom,6,100
85000.0,FCFA,Deido,4,1
150000.0,FCFA,Logpom,6,100
350000.0,FCFA,Bonamoussadi,5,300
25000.0,FCFA,PK14,2,15
20000.0,FCFA,Beedi,2,20
150000.0,FCFA,Logpom,6,100
90000.0,FCFA,Makepe,4,60
150000.0,FCFA,Makepe,6,100
500000.0,FCFA,Logpom,15,1000
85000.0,FCFA,Logpom,4,100
35000.0,FCFA,Ange Raphael,3,18
150000.0,FCFA,Makepe,6,
30000.0,FCFA,Makepe,3,18
25000.0,FCFA,Makepe,2,17
150000.0,FCFA,Cit� Sic,8,115
30000.0,FCFA,Logbessou,3,25
175000.0,FCFA,Makepe,6,95
150000.0,FCFA,Makepe,6,110
65000.0,FCFA,Beedi,5,80
175000.0,FCFA,Akwa,
75000.0,FCFA,Logbessou,4,
35000.0,FCFA,Ange Raphael,3,16
100000.0,FCFA,Kotto,9,180
250000.0,FCFA,Logpom,5,300
100000.0,FCFA,Kotto,5,100
100000.0,FCFA,Kotto,6,90
350000.0,FCFA,Bali,7,200
500000.0,FCFA,Logpom,15,250
35000.0,FCFA,Makepe,3,20
500000.0,FCFA,Logpom,8,1
215000.0,FCFA,Logpom,14,250
35000.0,FCFA,Logbessou,2,15
600000.0,FCFA,Nyalla,12,
40000.0,FCFA,Bonaberi,4,70
85000.0,FCFA,Makepe,4,50
250000.0,FCFA,Bali,5,150
35000.0,FCFA,Ndog-Bong,3,50
500000.0,FCFA,Ndokoti,
180000.0,FCFA,Bonaberi,7,700
350000.0,FCFA,Bonapriso,7,70
60000.0,FCFA,Logpom,4,88
120000.0,FCFA,Deido,10,200
75000.0,FCFA,Bonaberi,6,32
70000.0,FCFA,Ange Raphael,4,70
100000.0,FCFA,Bonaberi,6,32
150000.0,FCFA,Ndog-Bong,8,150
180000.0,FCFA,Bonaberi,7,700
30000.0,FCFA,Bonaberi,3,60
25000.0,FCFA,Bonaberi,4,32
120000.0,FCFA,Ndog-Bong,5,90
55000.0,FCFA,Ange Raphael,5,75
30000.0,FCFA,Bonaberi,3,60
75000.0,FCFA,Logbaba,6,70
300000.0,FCFA,Bonamoussadi,20,660
50000.0,FCFA,Bonamoussadi,4,30
60000.0,FCFA,Bonaberi,4,70
50000.0,FCFA,Ange Raphael,4,
50000.0,FCFA,Ange Raphael,4,
75000.0,FCFA,Logpom,6,60
130000000.0,FCFA,Bonamoussadi,9,500
45000.0,FCFA,Borne 10,
40000.0,FCFA,Ange Raphael,3,
30000.0,FCFA,Bonaberi,4,70
30000.0,FCFA,Ndog-Bong,2,
120000.0,FCFA,Deido,7,
150000.0,FCFA,Douala,6,
80000.0,FCFA,Bonapriso,5,100
130000.0,FCFA,Douala,7,110
90000.0,FCFA,Kotto,6,100
130000.0,FCFA,Kotto,5,100
40000.0,FCFA,Ndog-Bong,3,68
130000.0,FCFA,Akwa,5,99
70000.0,FCFA,Makepe,6,150
70000.0,FCFA,Logpom,6,190
70000.0,FCFA,Logbessou,6,180
70000.0,FCFA,Kotto,6,88
150000.0,FCFA,Bonamoussadi,8,78
90000.0,FCFA,Logpom,6,190
90000.0,FCFA,Logpom,4,100
1450000000.0,FCFA,Bonanjo,14,710
50000.0,FCFA,PK8,4,180
80000.0,FCFA,Ndog-Bong,7,40
350000.0,FCFA,Bonapriso,7,75
30000.0,FCFA,PK8,2,16
65000.0,FCFA,Akwa Nord,4,42
150000.0,FCFA,Ndog-Bong,7,79
125000.0,FCFA,Cite des Palmiers,7,50
130000.0,FCFA,Logbessou,5,205
150000.0,FCFA,Ndokoti,8,150
215000.0,FCFA,Logbessou,8,170
85000.0,FCFA,Logpom,4,50
115000.0,FCFA,Logbessou,5,50
90000.0,FCFA,Logbessou,6,80
120000.0,FCFA,Makepe,4,70
80000.0,FCFA,Kotto,6,100
32000.0,FCFA,Bonamoussadi,3,22
75000.0,FCFA,Kotto,6,100
100000.0,FCFA,Kotto,7,100
150000.0,FCFA,Kotto,8,100
130000.0,FCFA,Kotto,7,100
200000.0,FCFA,Makepe,8,100
70000.0,FCFA,Bepanda,5,80
50000.0,FCFA,Deido,4,50
60000.0,FCFA,PK8,5,60
30000.0,FCFA,PK8,3,20
40000.0,FCFA,PK8,3,30
70000.0,FCFA,PK8,4,70
45000.0,FCFA,Bepanda,5,80
65000.0,FCFA,PK8,5,100
150000.0,FCFA,Makepe,10,250
50000.0,FCFA,PK13,5,35
150000.0,FCFA,Ndokoti,9,180
90000.0,FCFA,Makepe,4,50
85000.0,FCFA,Logpom,4,50
80000.0,FCFA,Kotto,4,50
400000.0,FCFA,Bonapriso,5,80
70000.0,FCFA,Logpom,
100000.0,FCFA,Yassa,5,80
160000.0,FCFA,Beedi,10,89
80000.0,FCFA,Makepe,5,100
70000.0,FCFA,Logpom,6,46
70000.0,FCFA,Logbessou,4,50
70000.0,FCFA,Logbessou,4,45
65000.0,FCFA,Akwa Nord,4,45
70000.0,FCFA,Logbessou,4,80
65000.0,FCFA,Ngodi,4,40
70000.0,FCFA,Logpom,4,100
70000.0,FCFA,Kotto,6,70
70000.0,FCFA,Logbessou,4,65
500000.0,FCFA,Logpom,15,500
70000.0,FCFA,Logbessou,4,100
80000.0,FCFA,PK10,1,100
300000.0,FCFA,Deido,5,300
60000.0,FCFA,Bonaberi,4,70
200000.0,FCFA,Ndogpassi3,11,150
220000.0,FCFA,Denver,10,250
150000.0,FCFA,Ndokoti,8,130
120000.0,FCFA,Makepe,4,80
60000.0,FCFA,Logpom,4,
80000.0,FCFA,Kotto,6,70
100000.0,FCFA,Logpom,6,60
250000.0,FCFA,Akwa,8,79
70000.0,FCFA,Deido,4,55
100000.0,FCFA,Makepe,4,100
150000.0,FCFA,Makepe,4,90
100000.0,FCFA,PK12,6,
25000.0,FCFA,Logbessou,2,
85000.0,FCFA,Bessengue,5,
65000.0,FCFA,Bonamoussadi,4,
100000.0,FCFA,Cit� Sic,4,
75000.0,FCFA,Ange Raphael,4,
65000.0,FCFA,Ange Raphael,4,
30000.0,FCFA,Beedi,3,
45000.0,FCFA,PK12,4,
35000.0,FCFA,Logbessou,3,6
35000.0,FCFA,Logbessou,3,3.5
30000.0,FCFA,Logbessou,3,
30000.0,FCFA,Logbessou,3,
30000.0,FCFA,Logbessou,3,
30000.0,FCFA,Logbessou,3,
30000.0,FCFA,Logbessou,3,
30000.0,FCFA,Logbessou,3,
30000.0,FCFA,Logbessou,3,
120000.0,FCFA,Bonapriso,6,100
230000.0,FCFA,Akwa,5,150
300000.0,FCFA,Bonapriso,6,150
200000.0,FCFA,Bonapriso,6,155
250000.0,FCFA,Akwa,6,110
155000.0,FCFA,Logbessou,7,125
350000.0,FCFA,Bonapriso,6,110
350000.0,FCFA,Bonapriso,7,110
250000.0,FCFA,Akwa,6,110
350000.0,FCFA,Bonapriso,6,180
350000.0,FCFA,Bonaberi,8,700
350000.0,FCFA,Bonaberi,8,700
60000.0,FCFA,Deido,4,30
30000.0,FCFA,Bonaberi,3,60
25000.0,FCFA,Ange Raphael,2,
25000.0,FCFA,Logbessou,2,
50000.0,FCFA,Bepanda,4,80
150000.0,FCFA,Bonamoussadi,4,100
17000000.0,FCFA,Beedi,10,500
35000.0,FCFA,PK13,3,3.5
30000.0,FCFA,PK11,2,
30000.0,FCFA,Cit� Sic,2,
30000.0,FCFA,Ange Raphael,2,
60000.0,FCFA,Yassa,5,207
150000.0,FCFA,Makepe,6,
85000.0,FCFA,Beedi,5,70
200000.0,FCFA,Makepe,4,130
50000.0,FCFA,Ndogpassi3,4,203
150000.0,FCFA,Makepe,3,105
180000.0,FCFA,Bonamoussadi,4,130
170000.0,FCFA,Bonamoussadi,4,125
200000.0,FCFA,Bonamoussadi,4,140
180000.0,FCFA,Bonamoussadi,4,135
220000.0,FCFA,Bonamoussadi,4,130
150000.0,FCFA,Makepe,5,80
125000.0,FCFA,Bonapriso,4,
50000.0,FCFA,Nyalla,2,25
150000.0,FCFA,Bonamoussadi,5,50
100000.0,FCFA,Beedi,6,200
200000.0,FCFA,Bonamoussadi,6,80
150000.0,FCFA,Bepanda,6,205
85000.0,FCFA,Beedi,5,70
55000.0,FCFA,Ndog-Bong,4,30
200000.0,FCFA,Ndog-Bong,6,250
90000.0,FCFA,Ndog-Bong,5,100
50000.0,FCFA,Ndog-Bong,4,30
400000.0,FCFA,Bonamoussadi,
400000.0,FCFA,Bonamoussadi,
300000.0,FCFA,Bonamoussadi,8,1
50000.0,FCFA,Logbessou,4,45
50000.0,FCFA,Logbessou,5,108
60000.0,FCFA,PK10,6,30
120000.0,FCFA,Bonapriso,6,30
42000000.0,FCFA,Ndogpassi,11,288
100000.0,FCFA,Beedi,7,110
70000.0,FCFA,Ange Raphael,5,90
120000.0,FCFA,Logpom,7,120
125000.0,FCFA,Beedi,8,150
120000.0,FCFA,Bonamoussadi,3,120
100000.0,FCFA,Bonamoussadi,3,105
80000.0,FCFA,Kotto,5,80
250000000.0,FCFA,Cite des Palmiers,12,500
50000.0,FCFA,Makepe,4,100
35000.0,FCFA,Bonamoussadi,3,60
175000.0,FCFA,Makepe,6,90
205000.0,FCFA,Logbessou,6,1
2000000.0,FCFA,Bonanjo,11,
350000.0,FCFA,Bonapriso,6,
150000.0,FCFA,Makepe,
150000.0,FCFA,Makepe,
200000.0,FCFA,Deido,7,100
175000.0,FCFA,Makepe,6,90
25000.0,FCFA,Logbaba,2,25
23000.0,FCFA,PK13,2,20
20000.0,FCFA,Lendi,
120000.0,FCFA,Kotto,13,200
30000000.0,FCFA,PK12,12,550
120000.0,FCFA,Kotto,13,190
1200000.0,FCFA,Douala,3,180
50000.0,FCFA,PK8,5,90
45000.0,FCFA,PK12,1,1
50000.0,FCFA,PK11,4,74
150000.0,FCFA,Makepe,2,85
50000.0,FCFA,Logbessou,4,75
200000.0,FCFA,Yassa,10,
1100000.0,FCFA,Bonapriso,4,500
250000.0,FCFA,Akwa,6,99
140000.0,FCFA,Logbessou,5,100
350000.0,FCFA,Bonaberi,12,500
200000.0,FCFA,Logpom,5,250
23000.0,FCFA,PK13,2,16
23000.0,FCFA,PK13,3,22
150000.0,FCFA,Bassa,12,250
80000.0,FCFA,Makepe,6,00
150000.0,FCFA,Makepe,8,00
1300000.0,FCFA,Bonapriso,14,600
100000.0,FCFA,Makepe,1,70
200000.0,FCFA,Deido,6,200
30000.0,FCFA,Bonaberi,3,60
150000.0,FCFA,Bonaberi,8,700
180000.0,FCFA,Makepe,2,85
170000.0,FCFA,Logbessou,5,140
35000.0,FCFA,PK13,3,35
20000000.0,FCFA,Bassa,5,250
50000.0,FCFA,Logbessou,4,40
400000.0,FCFA,Bonapriso,7,250
150000.0,FCFA,Akwa,2,25
400000.0,FCFA,Bonapriso,6,110
1000000.0,FCFA,Logpom,15,1000
150000.0,FCFA,Makepe,2,95
400000.0,FCFA,Bonapriso,4,135
150000.0,FCFA,Makepe,8,100
85000.0,FCFA,Logpom,4,50
90000.0,FCFA,Makepe,5,60
300000.0,FCFA,Bali,2,65
120000.0,FCFA,Deido,7,
70000.0,FCFA,PK12,6,90
180000.0,FCFA,Yassa,6,200
50000.0,FCFA,Logbessou,6,90
1000000.0,FCFA,Bonapriso,8,165
140000.0,FCFA,Kotto,8,180
180000.0,FCFA,Yassa,6,80
25000000.0,FCFA,Kotto,10,300
100000.0,FCFA,Makepe,1,70
1000000.0,FCFA,Bonapriso,7,165
1000000.0,FCFA,Bonapriso,7,165
100000.0,FCFA,Beedi,4,50
100000.0,FCFA,Makepe,7,8
120000.0,FCFA,Bonamoussadi,6,80
2500000.0,FCFA,Bonapriso,13,500
100000.0,FCFA,Makepe,4,70
200000.0,FCFA,Akwa,8,190
100000000.0,FCFA,Akwa,15,300
120000.0,FCFA,Bonamoussadi,4,
40000000.0,FCFA,PK12,15,244
120000.0,FCFA,Bonamoussadi,8,80
700000.0,FCFA,Bonapriso,10,130
30000.0,FCFA,Ndog-Bong,3,13
50000.0,FCFA,Cit� Sic,4,651
35000.0,FCFA,PK13,4,40
35000.0,FCFA,PK12,3,25
35000.0,FCFA,PK13,4,25
30000.0,FCFA,PK8,3,
40000.0,FCFA,Ange Raphael,3,60
40000.0,FCFA,Ange Raphael,3,60
45000.0,FCFA,PK12,4,
30000.0,FCFA,Beedi,3,
30000.0,FCFA,Beedi,3,
35000.0,FCFA,PK13,3,4
500000.0,FCFA,Makepe,17,600
150000.0,FCFA,Bonaberi,
100000.0,FCFA,Beedi,6,80
500000.0,FCFA,Bonamoussadi,7,
150000.0,FCFA,Logpom,3,120
150000.0,FCFA,Logpom,3,105
180000.0,FCFA,Logpom,3,200
50000.0,FCFA,Yassa,
350000.0,FCFA,Bonaberi,16,1500
350000.0,FCFA,Bonapriso,6,
125000.0,FCFA,Logbaba,5,100
250000.0,FCFA,Logpom,9,300
25000.0,FCFA,Logbessou,2,
180000.0,FCFA,Bonaberi,7,700
70000.0,FCFA,Beedi,8,150
125000.0,FCFA,Logpom,5,250
150000.0,FCFA,Ndog-Bong,9,89
70000.0,FCFA,Makepe,6,200
90000.0,FCFA,Bonapriso,5,
60000.0,FCFA,PK10,5,50
180000.0,FCFA,Douala,5,
40000.0,FCFA,Logbaba,5,40
130000.0,FCFA,Bonapriso,5,
35000.0,FCFA,PK13,3,4
35000.0,FCFA,PK13,2,15
35000.0,FCFA,PK13,3,30
250000.0,FCFA,Bonaberi,8,900
75000.0,FCFA,Ndog-Bong,4,42
45000000.0,FCFA,PK12,12,244
90000.0,FCFA,Logbessou,5,90
70000.0,FCFA,Logpom,5,100
45000.0,FCFA,Kotto,3,80
90000.0,FCFA,Logbessou,4,200
120000.0,FCFA,Logpom,5,
120000.0,FCFA,Logpom,5,
90000.0,FCFA,Logbessou,4,100
40000.0,FCFA,PK10,3,00
75000.0,FCFA,Bonaberi,6,32
90000.0,FCFA,Yassa,7,850
25000.0,FCFA,Logpom,2,13
150000.0,FCFA,Ndog-Bong,7,120
120000.0,FCFA,Bonamoussadi,8,150
170000.0,FCFA,Cite des Palmiers,4,100
200000.0,FCFA,Kotto,8,200
125000.0,FCFA,Cite des Palmiers,2,50
100000.0,FCFA,Makepe,5,60
25000.0,FCFA,Bonaberi,1,
45000.0,FCFA,Bonaberi,4,32
150000.0,FCFA,Logbessou,1,150
250000.0,FCFA,Kotto,10,200
70000.0,FCFA,Ndog-Bong,4,
150000.0,FCFA,Logbessou,8,80
90000.0,FCFA,Logbessou,1,90
70000.0,FCFA,Makepe,5,52
130000.0,FCFA,Beedi,6,100
85000.0,FCFA,Logpom,4,50
90000.0,FCFA,Logbessou,5,80
140000.0,FCFA,Beedi,7,100
150000.0,FCFA,Logbessou,7,100
150000.0,FCFA,Ndog-Bong,7,110
90000.0,FCFA,Logbessou,8,250
150000.0,FCFA,Logbessou,8,150
150000.0,FCFA,Logbessou,14,230
150000.0,FCFA,Logbessou,6,100
130000.0,FCFA,Makepe,6,99
90000.0,FCFA,Logbessou,6,100
150000.0,FCFA,Bonaberi,6,700
350000.0,FCFA,Bali,8,115
400000.0,FCFA,Bali,7,120
60000.0,FCFA,Bepanda,4,01
100000.0,FCFA,Makepe,5,90
30000.0,FCFA,Bonaberi,3,60
25000.0,FCFA,Logbessou,2,
90000.0,FCFA,Makepe,1,80
8000000.0,FCFA,Ndogpassi1,20,120
30000.0,FCFA,Ange Raphael,3,
290000000.0,FCFA,Kotto,20,300
140000.0,FCFA,Ngodi,5,50
3000000.0,FCFA,Bonamoussadi,20,200
90000.0,FCFA,Makepe,5,49
300000.0,FCFA,Cit� Sic,9,350
30000.0,FCFA,PK19,4,35
85000.0,FCFA,Deido,4,75
15000000.0,FCFA,Makepe,10,210
90000.0,FCFA,Makepe,4,50
150000.0,FCFA,Ndokoti,8,80
15000000.0,FCFA,Logbaba,10,150
70000.0,FCFA,Logpom,4,60
60000.0,FCFA,Cit� Sic,4,01
150000.0,FCFA,Bonamoussadi,2,95
100000.0,FCFA,Bonamoussadi,4,75
100000.0,FCFA,Akwa,5,01
30000.0,FCFA,Mbangue,1,40
70000.0,FCFA,Beedi,5,01
80000.0,FCFA,Bonamoussadi,1,60
60000.0,FCFA,Bonamoussadi,4,01
35000.0,FCFA,Akwa Nord,2,01
150000.0,FCFA,Logpom,3,110
110000.0,FCFA,Beedi,6,01
65000.0,FCFA,Ange Raphael,4,01
150000.0,FCFA,Makepe,2,90
220000.0,FCFA,Bonamoussadi,7,120
130000.0,FCFA,Kotto,6,90
150000.0,FCFA,Makepe,7,100
120000.0,FCFA,Kotto,6,85
110000.0,FCFA,Yassa,7,980
150000.0,FCFA,Bp Cite,3,80
120000.0,FCFA,Yassa,8,850
35000.0,FCFA,PK8,1,30
30000.0,FCFA,Ange Raphael,2,4
125000.0,FCFA,Kotto,5,100
30000.0,FCFA,Ange Raphael,2,
60000.0,FCFA,Yassa,4,350
90000.0,FCFA,Yassa,7,850
60000.0,FCFA,Bonaberi,4,60
90000.0,FCFA,Yassa,6,850
60000.0,FCFA,Yassa,4,350
85000.0,FCFA,Logbessou,4,60
200000.0,FCFA,Logbessou,6,
200000.0,FCFA,Logbessou,6,
100000.0,FCFA,Makepe,5,1
80000.0,FCFA,Kotto,4,100
30000.0,FCFA,Bonaberi,3,60
80000.0,FCFA,Yassa,6,60
205000.0,FCFA,Logbessou,9,100
55000.0,FCFA,Cit� Sic,4,55
70000.0,FCFA,Kotto,6,100
55000.0,FCFA,Cit� Sic,4,55
70000.0,FCFA,Kotto,10,200
25000.0,FCFA,Makepe,6,70
1000000.0,FCFA,Bonapriso,9,400
120000.0,FCFA,Logbessou,2,100
200000.0,FCFA,Bonamoussadi,3,150
75000.0,FCFA,Bonaberi,6,32
100000.0,FCFA,Logpom,2,90
220000.0,FCFA,Bonamoussadi,5,100
140000.0,FCFA,Bonaberi,6,600
85000.0,FCFA,Bonaberi,5,700
80000.0,FCFA,Bonaberi,5,650
70000.0,FCFA,Beedi,5,70
75000.0,FCFA,Bonaberi,6,32
100000.0,FCFA,Bonaberi,6,32
100000.0,FCFA,Bonaberi,6,32
15000.0,FCFA,Bonamoussadi,1,115
800000.0,FCFA,Bonapriso,3,150
100000.0,FCFA,Bonaberi,6,600
150000.0,FCFA,Bonaberi,7,700
125000.0,FCFA,Bonaberi,6,600
150000.0,FCFA,Bonaberi,6,700
65000.0,FCFA,Ange Raphael,4,58
140000.0,FCFA,Bonamoussadi,6,100
40000.0,FCFA,Ange Raphael,4,654
40000.0,FCFA,Makepe,3,50
100000.0,FCFA,Akwa,5,85
65000.0,FCFA,Kotto,4,75
40000.0,FCFA,Bonaberi,2,60
55000.0,FCFA,Bonaberi,4,65
20000.0,FCFA,Logbessou,2,01
20000.0,FCFA,Kotto,2,25
90000.0,FCFA,Logbessou,4,80
40000.0,FCFA,Bonaberi,2,60
150000.0,FCFA,Logpom,9,150
80000.0,FCFA,Kotto,4,46
75000.0,FCFA,Logpom,6,55
110000.0,FCFA,Beedi,6,80
120000.0,FCFA,Logpom,8,130
100000.0,FCFA,Makepe,7,00
70000.0,FCFA,Ndog-Bong,4,
230000.0,FCFA,Kotto,12,200
70000.0,FCFA,Japoma,5,50
45000.0,FCFA,Kotto,3,35
100000.0,FCFA,Yassa,8,120
100000.0,FCFA,Yassa,8,120
150000.0,FCFA,Makepe,6,
100000.0,FCFA,PK11,8,140
110000.0,FCFA,Kotto,7,120
22000000.0,FCFA,Yassa,5,300
55000.0,FCFA,PK13,4,50
100000.0,FCFA,Akwa,5,25
40000.0,FCFA,Makepe,4,50
80000.0,FCFA,Makepe,4,50
175000000.0,FCFA,Logpom,8,1200
350000.0,FCFA,Bassa,5,150
100000.0,FCFA,Yassa,5,100
160000.0,FCFA,Logpom,7,
150000.0,FCFA,Ndog-Bong,7,
180000.0,FCFA,Yassa,5,100
180000.0,FCFA,Makepe,8,300
150000.0,FCFA,Ndokoti,6,80
150000.0,FCFA,Makepe,2,90
110000.0,FCFA,PK12,6,120
150000.0,FCFA,Makepe,5,
150000.0,FCFA,Ndokoti,5,100
25000000.0,FCFA,Bonamoussadi,4,200
180000.0,FCFA,Kotto,7,100
300000.0,FCFA,Cite des Palmiers,5,300
65000.0,FCFA,Beedi,4,45
90000.0,FCFA,Bonamoussadi,3,100
150000.0,FCFA,Kotto,8,70
65000.0,FCFA,Beedi,5,100
40000.0,FCFA,Kotto,4,35
120000.0,FCFA,Logbessou,7,150
80000.0,FCFA,Kotto,4,60
55000.0,FCFA,Makepe,4,50
100000.0,FCFA,Beedi,5,100
35000.0,FCFA,Logbessou,4,16
160000.0,FCFA,Logbessou,8,300
55000.0,FCFA,Ndog-Bong,3,20
75000.0,FCFA,Logbaba,6,40
70000.0,FCFA,Cit� Sic,4,654
140000.0,FCFA,Kotto,6,100
120000.0,FCFA,Logbessou,7,100
200000.0,FCFA,Logbaba,15,300
160000.0,FCFA,Logbessou,10,100
250000000.0,FCFA,Cite des Palmiers,11,500
60000.0,FCFA,Ange Raphael,4,65
40000.0,FCFA,Makepe,3,50
40000.0,FCFA,Ange Raphael,3,50
35000.0,FCFA,Ange Raphael,3,50
40000.0,FCFA,Ange Raphael,3,60
75000.0,FCFA,Logpom,4,90
80000.0,FCFA,Logpom,4,85
75000.0,FCFA,Logpom,4,80
150000.0,FCFA,Logpom,4,200
70000.0,FCFA,Ndog-Bong,4,50
120000.0,FCFA,Ndog-Bong,6,90
200000.0,FCFA,Makepe,2,80
150000.0,FCFA,Makepe,2,90
160000.0,FCFA,Logbessou,5,25
400000.0,FCFA,Bonapriso,7,100
80000.0,FCFA,Logbessou,5,25
140000.0,FCFA,Kotto,7,28
150000.0,FCFA,Bonapriso,4,75
40000.0,FCFA,Kotto,3,17
40000.0,FCFA,Logbaba,4,50
75000.0,FCFA,Japoma,2,40
90000.0,FCFA,Japoma,2,40
500000000.0,FCFA,Bonamoussadi,18,1000
40000.0,FCFA,Ange Raphael,2,30
65000.0,FCFA,Beedi,4,01
90000.0,FCFA,Bonamoussadi,5,80
150000.0,FCFA,Makepe,2,90
400000.0,FCFA,Bonapriso,4,135
30000.0,FCFA,Beedi,3,
275000.0,FCFA,Makepe,5,
275000.0,FCFA,Makepe,5,
120000.0,FCFA,Kotto,6,100
80000.0,FCFA,Kotto,4,70-80
27000000.0,FCFA,PK12,10,215
150000000.0,FCFA,Kotto,4,500
40000000.0,FCFA,PK21,8,270
80000.0,FCFA,Kotto,4,70
75000.0,FCFA,Kotto,5,90
75000.0,FCFA,Logbaba,2,40
200000.0,FCFA,Douala,12,130
160000.0,FCFA,Logbessou,12,130
40000000.0,FCFA,PK21,11,270
16000000.0,FCFA,PK10,7,130
80000.0,FCFA,Bessengue,5,
80000.0,FCFA,Bessengue,5,
150000.0,FCFA,Cit� Sic,6,
150000.0,FCFA,Cit� Sic,6,
500000.0,FCFA,Cit� Sic,4,
100000.0,FCFA,Cit� Sic,4,
100000.0,FCFA,Logpom,6,100
40000.0,FCFA,Kotto,3,01
300000.0,FCFA,Bonamoussadi,8,100
70000.0,FCFA,Beedi,6,65
30000.0,FCFA,Ndog-Bong,
150000.0,FCFA,Bonamoussadi,8,100
45000.0,FCFA,Logpom,4,50
70000.0,FCFA,Logpom,5,100
70000.0,FCFA,Makepe,4,50
35000.0,FCFA,PK12,4,28
600000.0,FCFA,Akwa,2,150
130000.0,FCFA,Kotto,4,
45000.0,FCFA,Village,4,45
130000.0,FCFA,Deido,6,250
30000.0,FCFA,Ange Raphael,4,13
65000.0,FCFA,Makepe,4,45
50000.0,FCFA,Logpom,4,45
120000.0,FCFA,Bonapriso,7,105
250000.0,FCFA,Bali,6,104
100000.0,FCFA,Logpom,
60000.0,FCFA,Logpom,5,
100000.0,FCFA,Kotto,6,80
130000.0,FCFA,Logbessou,8,100
130000.0,FCFA,PK10,7,00
75000.0,FCFA,Logbessou,6,
140000.0,FCFA,Makepe,6,200
75000.0,FCFA,Logbessou,6,
100000.0,FCFA,Logpom,
140000.0,FCFA,Makepe,8,250
80000.0,FCFA,Kotto,5,
230000.0,FCFA,Kotto,9,150
55000.0,FCFA,Logbaba,4,30
120000000.0,FCFA,Yassa,8,460
90000000.0,FCFA,Yassa,9,400
60000.0,FCFA,Makepe,4,45
60000.0,FCFA,Makepe,4,40
120000.0,FCFA,Bonamoussadi,8,80
150000.0,FCFA,Bonaberi,4,32
150000.0,FCFA,Bonaberi,6,32
30000.0,FCFA,Ndog-Bong,3,35
200000.0,FCFA,Logbaba,7,300
160000000.0,FCFA,Japoma,10,500
120000.0,FCFA,Bonamoussadi,5,100
130000.0,FCFA,Makepe,4,100
200000.0,FCFA,Logpom,8,90
120000.0,FCFA,Kotto,5,100
55000.0,FCFA,PK12,4,50
70000.0,FCFA,Akwa Nord,4,50
40000.0,FCFA,Logbaba,4,35
75000.0,FCFA,Bonaberi,6,70
125000.0,FCFA,Kotto,6,100
160000.0,FCFA,Logpom,5,
125000.0,FCFA,Cite des Palmiers,5,
40000.0,FCFA,Logbessou,4,65
90000.0,FCFA,Bonaberi,6,600
80000.0,FCFA,Bonamoussadi,4,70
80000.0,FCFA,Deido,7,100
150000.0,FCFA,Bonaberi,7,700
120000.0,FCFA,Bonaberi,6,500
140000.0,FCFA,Bonaberi,6,600
50000000.0,FCFA,Kotto,
350000.0,FCFA,Bonamoussadi,5,
155000.0,FCFA,Logbessou,3,120
500000.0,FCFA,Bonapriso,2,75
40000.0,FCFA,Ndog-Bong,3,
150000.0,FCFA,Bonaberi,8,100
70000.0,FCFA,Logbaba,4,
120000.0,FCFA,Logpom,6,80
40000.0,FCFA,PK8,3,
70000.0,FCFA,Ndog-Bong,4,
115000.0,FCFA,Logbessou,5,50
200000.0,FCFA,Logbessou,6,70
100000.0,FCFA,Logpom,6,70
150000.0,FCFA,Ndog-Bong,6,250
45000.0,FCFA,Makepe,4,100
250000.0,FCFA,Beedi,9,300
45000000.0,FCFA,PK12,8,244
70000.0,FCFA,Akwa Nord,4,100
35000.0,FCFA,Kotto,3,40
30000.0,FCFA,Logbaba,3,1000
130000.0,FCFA,Yassa,5,350
150000.0,FCFA,Bonaberi,6,90
55000.0,FCFA,Village,5,350
250000.0,FCFA,Yassa,7,100
80000.0,FCFA,Yassa,
115000.0,FCFA,Beedi,5,110
1000000.0,FCFA,Bonapriso,10,190
600000.0,FCFA,Bonapriso,8,150
60000.0,FCFA,Beedi,5,56
200000.0,FCFA,Logbessou,6,600
35000.0,FCFA,Mbangue,3,40
35000.0,FCFA,Beedi,4,20
50000.0,FCFA,Makepe,6,90
70000.0,FCFA,Logbessou,4,45
170000.0,FCFA,Makepe,2,90
70000.0,FCFA,Makepe,4,49
50000.0,FCFA,Makepe,4,42
160000.0,FCFA,Makepe,3,
55000.0,FCFA,Village,5,350
11500000.0,FCFA,Village,6,100
70000.0,FCFA,Akwa Nord,4,45
80000.0,FCFA,Yassa,5,100
70000.0,FCFA,Akwa Nord,4,40
65000.0,FCFA,Logpom,4,100
200000.0,FCFA,Akwa,6,110
140000.0,FCFA,Logpom,5,100
200000.0,FCFA,Logpom,9,300
70000.0,FCFA,Logpom,2,90
150000.0,FCFA,Bonaberi,9,32
115000.0,FCFA,Beedi,12,200
75000.0,FCFA,Bonaberi,6,32
90000.0,FCFA,Logpom,10,200
500000.0,FCFA,Makepe,20,400
150000.0,FCFA,Akwa,7,110
2000000.0,FCFA,Bonanjo,12,400
90000.0,FCFA,Logpom,10,200
45000.0,FCFA,Bonaberi,4,32
90000.0,FCFA,Makepe,4,80
80000.0,FCFA,Bonamoussadi,5,80
80000.0,FCFA,Logpom,6,150
25000000.0,FCFA,Beedi,10,309
50000.0,FCFA,Beedi,4,45
60000.0,FCFA,PK12,5,69
45000000.0,FCFA,PK11,6,350
30000.0,FCFA,Ndog-Bong,2,
200000.0,FCFA,Bonamoussadi,5,1000
50000.0,FCFA,Logpom,
35000.0,FCFA,Ange Raphael,3,25
60000.0,FCFA,Yassa,4,197
11500000.0,FCFA,Village,9,100
30000.0,FCFA,Ndog-Bong,3,80
30000.0,FCFA,Ndog-Bong,3,15
65000000.0,FCFA,PK12,6,250
45000.0,FCFA,Makepe,5,110
200000.0,FCFA,Logpom,8,100
115000.0,FCFA,Beedi,8,75
55000000.0,FCFA,PK12,10,400
100000.0,FCFA,Beedi,6,75
45000.0,FCFA,Nyalla,4,40
90000.0,FCFA,Kotto,5,25
55000.0,FCFA,Ndogpassi3,4,300
52000000.0,FCFA,Bonaberi,8,386
19500000.0,FCFA,Logbaba,7,400
90000.0,FCFA,Kotto,3,80
85000.0,FCFA,Logpom,2,60
110000.0,FCFA,Logbaba,3,80
90000.0,FCFA,Ndog-Bong,2,60
50000.0,FCFA,Kotto,3,40
180000000.0,FCFA,Logpom,8,1200
90000.0,FCFA,Bonamoussadi,
45000.0,FCFA,Yassa,4,35
150000.0,FCFA,Cite des Palmiers,3,50
200000.0,FCFA,Bonamoussadi,7,150
60000.0,FCFA,PK12,5,100
70000.0,FCFA,Kotto,4,60
70000.0,FCFA,Kotto,4,60
100000.0,FCFA,Kotto,7,100
90000.0,FCFA,Kotto,5,100
150000.0,FCFA,Makepe,6,120
85000.0,FCFA,Makepe,4,30
25000.0,FCFA,Bonaberi,2,20
30000.0,FCFA,Bonaberi,3,60
200000.0,FCFA,Bonaberi,7,800
60000.0,FCFA,Nyalla,4,50
150000.0,FCFA,Bonaberi,7,600
70000.0,FCFA,Kotto,6,
130000000.0,FCFA,Bonamoussadi,7,411
70000.0,FCFA,Bonaberi,6,70
50000.0,FCFA,Bonaberi,4,60
60000.0,FCFA,Yassa,4,40
45000.0,FCFA,Bonaberi,4,40
40000.0,FCFA,Beedi,4,40
300000.0,FCFA,Logpom,8,300
180000.0,FCFA,Cit� Sic,8,350
75000.0,FCFA,Bonaberi,7,80
70000.0,FCFA,Beedi,5,150
100000.0,FCFA,Kotto,8,200
33000.0,FCFA,Ange Raphael,3,
150000.0,FCFA,Makepe,6,99
45000.0,FCFA,Nyalla,4,50
30000.0,FCFA,Ndog-Bong,2,
250000.0,FCFA,Deido,
250000.0,FCFA,Deido,
35000.0,FCFA,Ange Raphael,2,30
60000.0,FCFA,Mbangue,4,80
100000.0,FCFA,Kotto,13,200
50000.0,FCFA,Cite des Palmiers,4,01
60000.0,FCFA,Logbessou,4,01
300000.0,FCFA,Bonapriso,5,100
1500000.0,FCFA,Bonapriso,5,150
100000.0,FCFA,New Bell,5,85
300000.0,FCFA,Logbessou,10,500
75000.0,FCFA,Bonaberi,6,32
900000.0,FCFA,Bali,6,110
100000.0,FCFA,Bonaberi,6,32
300000.0,FCFA,Logbessou,17,400
250000.0,FCFA,Bonapriso,8,110
300000.0,FCFA,Logbessou,13,400
200000.0,FCFA,Bonapriso,5,100
270000.0,FCFA,Bonapriso,6,110
600000.0,FCFA,Bonapriso,8,125
230000.0,FCFA,Kotto,13,180
150000.0,FCFA,Bonaberi,9,32
180000.0,FCFA,Bonamoussadi,8,120
375000.0,FCFA,Bonapriso,6,110
300000.0,FCFA,Bonamoussadi,9,120
350000.0,FCFA,Bonamoussadi,8,125
150000.0,FCFA,Bonamoussadi,7,110
135000.0,FCFA,Yassa,8,850
130000.0,FCFA,Yassa,7,850
300000.0,FCFA,Logbessou,18,400
70000.0,FCFA,Kotto,5,01
60000.0,FCFA,Bonaberi,4,32
25000.0,FCFA,Bonaberi,2,32
65000.0,FCFA,Cit� Sic,4,01
175000000.0,FCFA,Logpom,15,1200
30000.0,FCFA,Ange Raphael,2,01
65000.0,FCFA,Ndog-Bong,6,150
180000.0,FCFA,Beedi,8,200
650000.0,FCFA,Bonamoussadi,6,600
220000.0,FCFA,Makepe,9,250
80000.0,FCFA,PK12,6,99
350000.0,FCFA,Bonamoussadi,8,120
140000000.0,FCFA,Douala,15,400
100000.0,FCFA,Logbessou,6,200
135000.0,FCFA,Kotto,8,250
1000000.0,FCFA,Bonapriso,4,140
130000.0,FCFA,Logpom,6,100
70000.0,FCFA,Kotto,4,100
90000.0,FCFA,PK8,6,00
300000.0,FCFA,Logbessou,15,500
90000000.0,FCFA,Cit� Sic,8,400
150000.0,FCFA,Logpom,7,200
75000.0,FCFA,Logpom,4,80
300000.0,FCFA,Logbessou,12,500
45000.0,FCFA,Logbessou,6,90
75000.0,FCFA,Logpom,4,80
80000.0,FCFA,Logpom,4,100
35000000.0,FCFA,PK12,11,600
150000.0,FCFA,Logpom,7,200
2000000.0,FCFA,Bonanjo,10,
45000.0,FCFA,Logbessou,4,43
100000.0,FCFA,Logbessou,12,190
45000.0,FCFA,Borne 10,4,350
80000.0,FCFA,Douala,6,850
80000.0,FCFA,Village,6,650
200000.0,FCFA,Yassa,8,1000
60000.0,FCFA,Yassa,4,350
80000.0,FCFA,Yassa,6,750
100000.0,FCFA,Bonamoussadi,1,70
2000000.0,FCFA,Bonanjo,10,700
25000.0,FCFA,PK12,
100000.0,FCFA,Makepe,6,75
100000.0,FCFA,Yassa,8,200
90000.0,FCFA,Logbessou,6,200
120000.0,FCFA,Kotto,8,100
150000.0,FCFA,Ndokoti,8,200
150000.0,FCFA,Logbessou,6,28
130000.0,FCFA,Kotto,6,110
350000.0,FCFA,Kotto,8,300
100000.0,FCFA,Bonaberi,6,32
125000.0,FCFA,Logbessou,8,30
180000.0,FCFA,Logpom,8,250
135000.0,FCFA,Bonamoussadi,4,1000
75000.0,FCFA,PK14,6,
125000.0,FCFA,Kotto,8,130
75000.0,FCFA,Logpom,
100000.0,FCFA,Yassa,6,80
215000.0,FCFA,Logpom,8,
70000.0,FCFA,Kotto,5,100
90000.0,FCFA,Logbessou,6,80
175000.0,FCFA,Yassa,6,
70000.0,FCFA,Kotto,4,45
135000.0,FCFA,Kotto,5,89
130000.0,FCFA,Douala,6,100
100000.0,FCFA,Logbessou,13,200
85000.0,FCFA,Ndog-Bong,4,
140000.0,FCFA,Kotto,10,150
240000.0,FCFA,Yassa,2,60
40000.0,FCFA,Ange Raphael,4,16
15000000.0,FCFA,Ndogpassi3,7,300
80000.0,FCFA,Logpom,9,90
150000.0,FCFA,Bonaberi,9,32
15000.0,FCFA,Ndogbati,8,250
125000.0,FCFA,Akwa,6,
300000000.0,FCFA,Makepe,15,600
5000000.0,FCFA,Douala,5,100
50000000.0,FCFA,Japoma,20,600
50000000.0,FCFA,Japoma,20,600
70000.0,FCFA,Mbangue,4,60
75000.0,FCFA,PK14,5,
300000000.0,FCFA,Bonamoussadi,18,660
135000.0,FCFA,Kotto,14,190
100000000.0,FCFA,Nyalla,12,400
130000.0,FCFA,Kotto,13,190
250000000.0,FCFA,Bonamoussadi,14,600
140000.0,FCFA,Kotto,8,200
70000.0,FCFA,Douala,6,90
120000.0,FCFA,Makepe,15,200
200000.0,FCFA,Logbaba,10,300
150000.0,FCFA,PK8,15,210
150000.0,FCFA,PK8,15,210
75000.0,FCFA,Ndog-Bong,4,
110000.0,FCFA,Ndog-Bong,13,200
1300000.0,FCFA,Bonanjo,3,150
1000000.0,FCFA,Bonapriso,3,150
150000.0,FCFA,Ndog-Bong,7,
300000.0,FCFA,Bali,1,80
400000.0,FCFA,Bali,2,100
80000.0,FCFA,Logpom,4,25
120000.0,FCFA,Yassa,5,100
150000.0,FCFA,Makepe,6,80
140000.0,FCFA,Kotto,16,300
150000.0,FCFA,Logbessou,6,100
150000.0,FCFA,Bonamoussadi,6,100
90000.0,FCFA,Kotto,5,99
60000.0,FCFA,Logbessou,4,20
150000.0,FCFA,Logbessou,7,120
90000.0,FCFA,Logbessou,12,190
90000.0,FCFA,Logpom,14,200
150000.0,FCFA,Logbessou,13,200
150000.0,FCFA,Logbessou,5,100
12000000.0,FCFA,Village,6,100
80000.0,FCFA,Logpom,5,100
70000.0,FCFA,Bepanda,4,35
25000000.0,FCFA,Makepe,7,300
70000.0,FCFA,PK12,5,88
130000.0,FCFA,Bonamoussadi,6,99
120000.0,FCFA,Beedi,6,75
65000.0,FCFA,Ange Raphael,4,49
150000.0,FCFA,Logpom,6,99
80000.0,FCFA,Logpom,4,88
70000.0,FCFA,PK13,7,40
35000.0,FCFA,PK13,4,35
35000.0,FCFA,Cite des Palmiers,4,30
30000.0,FCFA,Beedi,2,25
50000000.0,FCFA,PK12,20,400
50000.0,FCFA,Kotto,5,80
120000.0,FCFA,Village,7,1500
170000.0,FCFA,Yassa,6,2000
150000.0,FCFA,Logpom,3,100
70000.0,FCFA,Dakar,5,38
160000.0,FCFA,Makepe,2,90
40000.0,FCFA,PK12,4,25
190000000.0,FCFA,Makepe,17,520
180000000.0,FCFA,Makepe,14,350
150000.0,FCFA,Logbessou,10,180
150000000.0,FCFA,Logbessou,20,1000
350000.0,FCFA,Bonamoussadi,6,190
200000.0,FCFA,Logbaba,14,300
400000.0,FCFA,Makepe,6,300
30000000.0,FCFA,Logpom,3,425
140000.0,FCFA,Kotto,5,200
180000.0,FCFA,Bonapriso,4,
180000.0,FCFA,Bonapriso,4,
14000000.0,FCFA,Borne 10,8,250
85000.0,FCFA,Makepe,4,46
600000.0,FCFA,Bonanjo,8,150
80000.0,FCFA,Logpom,4,50
80000.0,FCFA,Logpom,4,45
100000.0,FCFA,Logpom,6,70
35000.0,FCFA,Ange Raphael,2,35
350000.0,FCFA,Bonamoussadi,5,250
110000.0,FCFA,Kotto,7,120
45000.0,FCFA,PK10,4,45
80000.0,FCFA,Logpom,5,80
100000.0,FCFA,Kotto,6,70
200000.0,FCFA,Yassa,11,
650000.0,FCFA,Bonapriso,8,100
200000.0,FCFA,Logbaba,5,400
200000.0,FCFA,Bonapriso,
150000.0,FCFA,Bonaberi,9,32
900000.0,FCFA,Bali,10,100
300000000.0,FCFA,Bonapriso,6,
250000.0,FCFA,Bepanda,10,100
450000.0,FCFA,Bonaberi,4,32
90000.0,FCFA,Bonaberi,7,95
150000.0,FCFA,Makepe,6,100
60000.0,FCFA,Logbessou,4,01
130000.0,FCFA,Bonamoussadi,5,100
50000.0,FCFA,Logpom,6,150
130000.0,FCFA,Kotto,6,01
120000.0,FCFA,Bonapriso,4,60
125000.0,FCFA,Logbessou,8,01
60000.0,FCFA,Logbessou,7,90
125000.0,FCFA,Logbessou,8,99
35000.0,FCFA,Ange Raphael,3,
160000.0,FCFA,Makepe,6,
125000.0,FCFA,Logbessou,8,80
140000.0,FCFA,Beedi,8,80
80000.0,FCFA,Bonaberi,6,600
140000.0,FCFA,Bonamoussadi,6,100
130000.0,FCFA,Logbessou,8,110
170000.0,FCFA,Ndokoti,10,140
25000.0,FCFA,Cit� Sic,2,25
120000.0,FCFA,Ndog-Bong,6,120
200000.0,FCFA,Bonamoussadi,8,110
300000.0,FCFA,Bonamoussadi,10,120
60000.0,FCFA,Logbessou,5,45
700000.0,FCFA,Bali,5,350
125000.0,FCFA,Logbessou,8,100
140000.0,FCFA,Beedi,7,100
140000.0,FCFA,Beedi,7,110
300000000.0,FCFA,Bonapriso,1,500
70000.0,FCFA,Bepanda,4,60
5000000000.0,FCFA,Bonanjo,
30000.0,FCFA,PK13,4,15
80000.0,FCFA,Makepe,6,75
150000.0,FCFA,Bonaberi,10,100
60000.0,FCFA,Logbessou,4,45
80000.0,FCFA,Yassa,6,850
80000.0,FCFA,Makepe,4,66
120000.0,FCFA,Bonamoussadi,6,99
100000.0,FCFA,PK11,8,140
45000.0,FCFA,PK10,4,45
100000.0,FCFA,Kotto,6,88
80000.0,FCFA,Kotto,6,88
200000.0,FCFA,Yassa,9,89
100000.0,FCFA,Kotto,6,80
80000.0,FCFA,Logpom,4,80
70000.0,FCFA,PK12,6,45
70000.0,FCFA,Makepe,4,45
75000.0,FCFA,Logpom,4,80
150000.0,FCFA,Logpom,7,200
100000.0,FCFA,Kotto,5,25
225000.0,FCFA,Makepe,4,140
220000.0,FCFA,Makepe,5,155
125000.0,FCFA,Kotto,4,125
30000.0,FCFA,Ange Raphael,2,35
30000.0,FCFA,Ange Raphael,2,40
30000.0,FCFA,Ange Raphael,2,40
55000.0,FCFA,Ange Raphael,4,60
60000.0,FCFA,Bonaberi,4,60
100000.0,FCFA,Kotto,9,180
40000000.0,FCFA,PK12,10,244
85000.0,FCFA,Bassa,7,80
85000.0,FCFA,Bassa,7,80
50000.0,FCFA,Cite des Palmiers,2,30
300000.0,FCFA,Bonamoussadi,6,100
30000000.0,FCFA,Makepe,7,300
500000.0,FCFA,Logpom,20,500
125000.0,FCFA,Cite des Palmiers,3,60
550000.0,FCFA,Akwa,15,300
60000.0,FCFA,PK12,4,12
35000.0,FCFA,Ange Raphael,3,60
70000.0,FCFA,PK12,5,80
100000.0,FCFA,Kotto,5,100
150000.0,FCFA,Bonaberi,10,100
100000.0,FCFA,Logbaba,6,70
60000.0,FCFA,Logbaba,5,50
110000.0,FCFA,PK12,6,25
80000.0,FCFA,Nyalla,6,00
25000.0,FCFA,Douala,2,13
12000.0,FCFA,Bonamoussadi,
180000.0,FCFA,Ndokoti,9,200
70000.0,FCFA,Bassa,7,80
75000.0,FCFA,Bassa,7,80
75000.0,FCFA,PK12,6,75
170000.0,FCFA,Logbessou,5,5000
230000.0,FCFA,Kotto,12,300
80000.0,FCFA,Bonaberi,5,32
250000.0,FCFA,Bonaberi,2,
80000.0,FCFA,Kotto,6,80
80000.0,FCFA,Kotto,6,80
80000.0,FCFA,Kotto,5,80
80000.0,FCFA,Kotto,6,80
70000.0,FCFA,Bonaberi,6,500
110000.0,FCFA,Logpom,6,300
250000.0,FCFA,Bonaberi,6,700
100000.0,FCFA,Bonaberi,6,500
65000.0,FCFA,Bonaberi,6,300
90000.0,FCFA,Logbessou,6,100
150000.0,FCFA,Bonaberi,9,32
100000.0,FCFA,Bonaberi,6,95
80000.0,FCFA,Bonaberi,6,85
150000.0,FCFA,Bonaberi,9,32
600000.0,FCFA,Makepe,6,300
20000.0,FCFA,Logbessou,2,30
25000.0,FCFA,Nyalla,3,3
25000.0,FCFA,Nyalla,3,
25000.0,FCFA,Ange Raphael,2,
25000.0,FCFA,Logbessou,2,3
25000.0,FCFA,Ange Raphael,3,524
27000.0,FCFA,Ange Raphael,2,654
40000.0,FCFA,Bonaberi,4,32
25000.0,FCFA,Logbaba,2,30
25000.0,FCFA,Ange Raphael,3,
150000.0,FCFA,Kotto,4,180
20000.0,FCFA,PK12,2,4
30000.0,FCFA,Ndog-Bong,2,
8000000.0,FCFA,Village,5,350
16500000.0,FCFA,Borne 10,7,400
100000000.0,FCFA,Yassa,8,400
30000.0,FCFA,Bali,2,
30000.0,FCFA,PK13,3,19
80000.0,FCFA,Makepe,5,50
60000.0,FCFA,Kotto,4,50
30000.0,FCFA,PK13,3,50
100000.0,FCFA,Logpom,12,190
150000.0,FCFA,Bepanda,13,200
40000.0,FCFA,Ndog-Bong,3,
35000.0,FCFA,Ange Raphael,3,
350000.0,FCFA,Bonamoussadi,2,105
60000.0,FCFA,Akwa Nord,4,
150000.0,FCFA,Bepanda,7,85
55000.0,FCFA,Ange Raphael,4,
50000.0,FCFA,Kotto,3,50
350000.0,FCFA,Kotto,8,100
50000.0,FCFA,Kotto,3,30
150000.0,FCFA,Kotto,7,
80000.0,FCFA,Ndogpassi3,6,250
90000.0,FCFA,Ndogpassi,6,300
70000.0,FCFA,Village,4,45
70000.0,FCFA,Ndog-Bong,5,46
110000.0,FCFA,Ndog-Bong,6,75
170000.0,FCFA,Makepe,2,90
60000000.0,FCFA,Beedi,15,214
80000000.0,FCFA,Kotto,10,500
120000.0,FCFA,Bonapriso,5,
80000.0,FCFA,Bonapriso,4,
110000.0,FCFA,Bonapriso,5,
55000.0,FCFA,Ange Raphael,4,654
150000.0,FCFA,Bp Cite,8,976
65000.0,FCFA,Makepe,4,45
65000.0,FCFA,Makepe,4,45
50000.0,FCFA,Kotto,4,100
40000.0,FCFA,Yassa,4,45
90000000.0,FCFA,Yassa,12,400
150000.0,FCFA,Yassa,6,00
65000.0,FCFA,Akwa Nord,7,100
100000.0,FCFA,Beedi,12,200
110000.0,FCFA,PK12,8,86
60000.0,FCFA,Yassa,6,75
300000000.0,FCFA,Bonapriso,1,500
175000.0,FCFA,Logpom,6,25
150000.0,FCFA,Cit� Sic,6,
85000.0,FCFA,PK13,5,
65000.0,FCFA,Logbessou,5,
75000.0,FCFA,PK8,4,
100000.0,FCFA,Cit� Sic,4,
100000.0,FCFA,Cit� Sic,4,
40000.0,FCFA,Logbessou,3,
30000.0,FCFA,Bepanda,2,3
35000.0,FCFA,Logbessou,3,4
35000.0,FCFA,Logbessou,2,4
30000.0,FCFA,Logbessou,2,3.5
30000.0,FCFA,Logbessou,3,3.5
30000.0,FCFA,Ndog-Bong,3,3.5
30000.0,FCFA,Ndog-Bong,3,3.5
30000.0,FCFA,Cit� Sic,3,3.5
80000.0,FCFA,Makepe,1,35
120000.0,FCFA,Logpom,8,125
130000.0,FCFA,Village,2,50
80000.0,FCFA,Logbaba,2,40
80000.0,FCFA,Nyalla,6,00
140000.0,FCFA,Kotto,8,125
2500000.0,FCFA,Bali,18,1500
140000000.0,FCFA,Yassa,13,400
90000.0,FCFA,Kotto,7,100
130000.0,FCFA,Ndogpassi3,8,850
100000.0,FCFA,Logpom,5,80
100000.0,FCFA,Beedi,6,120
50000.0,FCFA,Bonaberi,4,60
80000.0,FCFA,Village,6,850
100000.0,FCFA,Village,6,850
50000.0,FCFA,Mbangue,4,50
115000.0,FCFA,Yassa,8,850
1200000.0,FCFA,Bonapriso,6,300
85000.0,FCFA,Bonamoussadi,4,50
300000.0,FCFA,Kotto,5,280
80000.0,FCFA,Village,6,550
80000.0,FCFA,Makepe,4,50
60000.0,FCFA,Yassa,4,350
120000.0,FCFA,Logbessou,7,125
75000.0,FCFA,Yassa,6,550
80000.0,FCFA,Yassa,6,850
150000.0,FCFA,Ndogpassi3,8,650
80000.0,FCFA,Ndogpassi3,6,850
90000.0,FCFA,Deido,6,25
120000.0,FCFA,Logpom,2,60
50000.0,FCFA,Bonaberi,4,60
250000.0,FCFA,Bonaberi,6,600
50000.0,FCFA,Ndog-Bong,5,18
40000.0,FCFA,Ndog-Bong,1,18
250000.0,FCFA,Bonaberi,6,600
90000000.0,FCFA,Bonaberi,6,5
150000.0,FCFA,Makepe,8,100
110000.0,FCFA,PK12,7,90
105000.0,FCFA,PK12,7,96
80000.0,FCFA,Makepe,1,40
1200000.0,FCFA,Bonapriso,6,350
55000.0,FCFA,Yassa,1,35
150000.0,FCFA,Logpom,3,60
100000.0,FCFA,Logpom,9,150
100000.0,FCFA,Logpom,6,100
100000.0,FCFA,Logpom,6,25
500000.0,FCFA,Makepe,10,90
100000.0,FCFA,Logpom,7,150
40000.0,FCFA,PK10,1,10
100000.0,FCFA,Bonaberi,6,32
150000.0,FCFA,Bonaberi,9,32
70000.0,FCFA,Bonaberi,6,32
40000.0,FCFA,Bonaberi,4,32
110000.0,FCFA,Bonaberi,
50000.0,FCFA,Ndog-Bong,3,45
25000000.0,FCFA,Mambanda,8,800
150000.0,FCFA,Ndokoti,2,50
4500000.0,FCFA,PK13,5,290
25000.0,FCFA,PK8,3,13
90000.0,FCFA,Akwa,7,100
90000.0,FCFA,Logbessou,7,100
40000.0,FCFA,Bonaberi,4,32
150000.0,FCFA,Logbessou,4,100
175000.0,FCFA,Logpom,8,110
200000.0,FCFA,Makepe,10,288
250000.0,FCFA,Bali,7,100
150000.0,FCFA,Logpom,4,100
250000.0,FCFA,Kotto,10,280
160000.0,FCFA,Beedi,8,110
180000.0,FCFA,Makepe,8,110
100000.0,FCFA,PK12,8,120
175000.0,FCFA,Logpom,
180000.0,FCFA,Logbessou,8,250
70000.0,FCFA,Beedi,4,95
80000.0,FCFA,Nyalla,6,75
50000.0,FCFA,Kotto,3,50
75000.0,FCFA,Yassa,1,35
55000.0,FCFA,Nyalla,1,35
300000.0,FCFA,Zone Bassa,2,50
750000.0,FCFA,Bonapriso,10,90
70000000.0,FCFA,PK21,13,270
45000.0,FCFA,PK13,4,77
75000.0,FCFA,PK12,5,99
110000.0,FCFA,PK12,7,99
100000.0,FCFA,Yassa,6,99
30000.0,FCFA,PK10,1,100
35000.0,FCFA,PK10,1,100
60000.0,FCFA,PK10,1,100
35000.0,FCFA,Bonaberi,4,32
75000.0,FCFA,PK8,4,
160000.0,FCFA,Cit� Sic,6,
25000.0,FCFA,Ange Raphael,2,
25000.0,FCFA,Nyalla,3,
100000.0,FCFA,Cit� Sic,4,
70000.0,FCFA,Kotto,6,70
40000.0,FCFA,Beedi,3,4
30000.0,FCFA,Logbessou,3,
45000.0,FCFA,Logbessou,4,15
30000.0,FCFA,Ndog-Bong,3,3
30000.0,FCFA,Ndog-Bong,3,3.5
30000.0,FCFA,Cit� Sic,3,3.5
30000.0,FCFA,Cit� Sic,2,3.5
130000.0,FCFA,Bonaberi,8,100
40000.0,FCFA,Ange Raphael,3,16
45000.0,FCFA,PK12,4,45
90000.0,FCFA,Douala,6,100
90000.0,FCFA,Beedi,4,75
55000.0,FCFA,Nyalla,4,50
40000.0,FCFA,Cit� Sic,3,25
25000.0,FCFA,Cit� Sic,2,3
35000.0,FCFA,Logbessou,3,50
150000.0,FCFA,Bonaberi,10,100
65000.0,FCFA,Bonaberi,6,400
75000.0,FCFA,Bonaberi,6,60
50000.0,FCFA,Kotto,3,20
100000.0,FCFA,Bonaberi,6,80
20000.0,FCFA,Logbessou,3,30
215000.0,FCFA,Logpom,8,300
130000.0,FCFA,Akwa Nord,7,145
90000.0,FCFA,Bonaberi,6,32
150000.0,FCFA,Bonaberi,9,32
75000.0,FCFA,Bonaberi,9,32
100000.0,FCFA,Ndog-Bong,4,200
150000.0,FCFA,Deido,7,155
45000.0,FCFA,Logpom,4,10
90000.0,FCFA,Bonaberi,6,400
150000.0,FCFA,Bonaberi,7,500
150000.0,FCFA,Bonaberi,7,500
100000.0,FCFA,Bonaberi,6,400
110000.0,FCFA,Douala,5,
30000.0,FCFA,Santa Babara,
50000.0,FCFA,Bonaberi,4,60
25000000.0,FCFA,Logpom,10,400
70000000.0,FCFA,PK21,18,270
110000000.0,FCFA,Yassa,19,337
400000.0,FCFA,Bonapriso,6,300
55000000.0,FCFA,PK21,13,270
160000.0,FCFA,Makepe,2,40
80000.0,FCFA,Kotto,8,100
155000000.0,FCFA,Dakar,20,300
1300.0,FCFA,Akwa,
50000.0,FCFA,Ndog-Bong,4,25
50000.0,FCFA,Kotto,3,30
50000.0,FCFA,Bonaberi,
50000.0,FCFA,Bonaberi,3,60
150000.0,FCFA,Douala,6,110
130000.0,FCFA,Akwa Nord,8,76
50000.0,FCFA,Kotto,3,40
110000.0,FCFA,PK11,6,120
130000.0,FCFA,Akwa Nord,7,140
2500000.0,FCFA,Bonapriso,15,150
50000.0,FCFA,Ndog-Bong,4,50
75000.0,FCFA,Yassa,5,60
45000.0,FCFA,PK10,4,45
150000.0,FCFA,Deido,4,130
150000.0,FCFA,Bonaberi,7,120
150000.0,FCFA,Bonaberi,8,200
110000.0,FCFA,Bonaberi,5,100
140000.0,FCFA,Bonaberi,6,100
25000000.0,FCFA,Logpom,6,425
150000.0,FCFA,Makepe,6,100
150000.0,FCFA,Bonamoussadi,5,150
70000.0,FCFA,Logbessou,4,70
70000.0,FCFA,Kotto,4,88
150000.0,FCFA,Makepe,6,99
150000.0,FCFA,Makepe,8,70
28000000.0,FCFA,PK12,6,244
300000.0,FCFA,Bonapriso,5,100
60000.0,FCFA,Bepanda,4,70
80000.0,FCFA,Nyalla,5,50
35000.0,FCFA,Ange Raphael,3,50
35000.0,FCFA,Ange Raphael,3,50
90000.0,FCFA,Beedi,6,79
150000.0,FCFA,Logpom,3,110
2500000.0,FCFA,Bonapriso,16,500
80000.0,FCFA,PK12,6,25
150000.0,FCFA,Logpom,7,200
75000.0,FCFA,Logpom,4,80
200000.0,FCFA,New Bell,3,50
170000.0,FCFA,Makepe,2,95
130000.0,FCFA,Logpom,7,60
130000.0,FCFA,Logpom,6,70
100000.0,FCFA,Bonamoussadi,1,60
150000.0,FCFA,Bonamoussadi,2,90
180000.0,FCFA,Logbessou,9,110
40000.0,FCFA,Ange Raphael,3,60
85000.0,FCFA,Bonaberi,1,70
350000.0,FCFA,Bonamoussadi,8,170
65000.0,FCFA,Bonamoussadi,4,43
170000.0,FCFA,Makepe,8,79
90000.0,FCFA,Logpom,6,76
45000.0,FCFA,Logpom,4,40
90000.0,FCFA,Logpom,6,207
400000.0,FCFA,Bonapriso,8,300
65000.0,FCFA,Douala,4,40
45000.0,FCFA,Logpom,4,183
45000.0,FCFA,PK10,4,40
140000.0,FCFA,Makepe,6,100
175000.0,FCFA,Logpom,8,200
200000.0,FCFA,Kotto,7,300
350000.0,FCFA,Makepe,11,500
80000.0,FCFA,PK13,8,200
450000.0,FCFA,Bonamoussadi,15,300
160000.0,FCFA,Makepe,2,80
25000000.0,FCFA,Dakar,20,289
45000.0,FCFA,PK10,4,45
60000000.0,FCFA,Saintichel,7,400
300000.0,FCFA,Makepe,7,75
75000.0,FCFA,Logpom,4,100
75000.0,FCFA,Logpom,4,100
180000.0,FCFA,Bonamoussadi,4,140
90000.0,FCFA,PK10,5,00
80000.0,FCFA,Makepe,6,150
100000.0,FCFA,PK9,6,00
1300000.0,FCFA,Bonanjo,3,80
170000.0,FCFA,Makepe,5,140
400000.0,FCFA,Bali,2,80
400000.0,FCFA,Bali,3,100
550000.0,FCFA,Bonapriso,3,100
200000.0,FCFA,Logbessou,6,70
75000.0,FCFA,PK14,5,
180000.0,FCFA,Douala,8,250
150000.0,FCFA,Makepe,6,86
115000.0,FCFA,Logbessou,4,50
400000.0,FCFA,Bonapriso,7,300
70000.0,FCFA,Beedi,5,45
80000.0,FCFA,Makepe,4,46
125000.0,FCFA,Makepe,6,80
180000.0,FCFA,Logbessou,7,
100000.0,FCFA,PK11,6,
130000.0,FCFA,Logbessou,6,
20000.0,FCFA,Makepe,1,5
120000.0,FCFA,PK11,7,
120000.0,FCFA,Ndog-Bong,4,55
80000.0,FCFA,Douala,5,65
100000.0,FCFA,Douala,5,80
170000.0,FCFA,Douala,6,120
50000.0,FCFA,Ndog-Bong,4,50
35000.0,FCFA,Ange Raphael,3,
50000.0,FCFA,Ndog-Bong,4,50
100000.0,FCFA,Bilongue,3,80
65000.0,FCFA,Akwa Nord,4,50
25000.0,FCFA,Cit� Sic,2,3
20000.0,FCFA,PK12,1,3.5
25000.0,FCFA,Bonaberi,2,32
80000.0,FCFA,Akwa Nord,5,75
80000.0,FCFA,Akwa Nord,5,100
65000.0,FCFA,Akwa Nord,2,60
120000.0,FCFA,Bepanda,3,80
35000.0,FCFA,Ange Raphael,3,
50000.0,FCFA,Ndogbati,4,00
350000.0,FCFA,Akwa Nord,5,90
80000.0,FCFA,PK12,6,80
30000.0,FCFA,Ndog-Bong,2,
25000.0,FCFA,Bonaberi,3,32
45000.0,FCFA,Bonaberi,4,32
75000.0,FCFA,Bonaberi,9,32
40000.0,FCFA,Logpom,3,
400000.0,FCFA,Bonapriso,8,100
80000.0,FCFA,Bonamoussadi,5,30
60000.0,FCFA,Bonaberi,4,32
400000.0,FCFA,Bonapriso,9,225
350000.0,FCFA,Akwa Nord,11,400
60000.0,FCFA,Logpom,4,50
130000.0,FCFA,Logpom,6,203
80000.0,FCFA,Logpom,6,
150000.0,FCFA,PK14,7,
120000.0,FCFA,PK11,5,70
70000.0,FCFA,Logpom,5,
90000.0,FCFA,PK10,5,970
170000000.0,FCFA,Japoma,14,500
75000.0,FCFA,Logpom,4,50
150000.0,FCFA,Bp Cite,6,30
35000.0,FCFA,Logbessou,3,25
60000.0,FCFA,Beedi,6,45
100000.0,FCFA,Nyalla,4,50
110000000.0,FCFA,Cite des Palmiers,4,400
1200000000.0,FCFA,Denver,5,1500
100000.0,FCFA,Yassa,6,80
200000.0,FCFA,Bonamoussadi,6,80
1500000.0,FCFA,Bonapriso,12,500
50000.0,FCFA,Yassa,4,28
80000.0,FCFA,Beedi,7,75
50000.0,FCFA,Nyalla,4,30
75000.0,FCFA,PK12,5,25
150000000.0,FCFA,Bonamoussadi,12,530
400000.0,FCFA,Deido,10,300
125000.0,FCFA,Bassa,8,80
45000.0,FCFA,Bonaberi,4,32
150000.0,FCFA,Bassa,8,80
100000.0,FCFA,Yassa,8,200
60000000.0,FCFA,Mbangue,12,200
550000.0,FCFA,Akwa,10,500
70000000.0,FCFA,Logpom,3,406
350000.0,FCFA,Bonamoussadi,2,150
50000000.0,FCFA,Logpom,3,500
80000000.0,FCFA,Logpom,4,625
15000000.0,FCFA,Bonapriso,20,500
30000000.0,FCFA,Logpom,3,425
80000000.0,FCFA,PK10,6,400
600000000.0,FCFA,Makepe,12,700
150000.0,FCFA,Bonapriso,3,500
70000000.0,FCFA,Logbessou,13,313
100000.0,FCFA,PK10,7,150
120000.0,FCFA,PK11,6,130
120000.0,FCFA,PK11,6,120
750000.0,FCFA,Akwa,9,200
200000.0,FCFA,Bonamoussadi,7,100
35000.0,FCFA,Ange Raphael,2,35
70000.0,FCFA,Logbessou,5,201
25000.0,FCFA,PK16,
180000000.0,FCFA,Logpom,8,750
150000.0,FCFA,Ndogbati,7,204
100000.0,FCFA,Makepe,8,100
150000.0,FCFA,Ndog-Bong,
250000000.0,FCFA,Makepe,20,600
650000.0,FCFA,Bonanjo,5,100
650000.0,FCFA,Bonanjo,5,100
65000.0,FCFA,Logbessou,4,100
120000.0,FCFA,Douala,6,110
100000.0,FCFA,PK13,6,250
280000000.0,FCFA,Kotto,17,300
125000.0,FCFA,Kotto,6,100
200000.0,FCFA,Bonamoussadi,5,145
180000.0,FCFA,Logbessou,8,150
250000.0,FCFA,Ndog-Bong,7,
350000.0,FCFA,Bonamoussadi,12,300
100000.0,FCFA,Deido,6,99
130000.0,FCFA,Douala,8,200
65000.0,FCFA,Akwa Nord,4,88
65000.0,FCFA,Cit� Sic,4,50
60000.0,FCFA,Bonaberi,3,120
20000.0,FCFA,Bonapriso,11,150
40000.0,FCFA,Bonaberi,4,32
45000.0,FCFA,Bonaberi,4,32
100000000.0,FCFA,Village,4,375
7000.0,FCFA,Ndogpassi2,1,10
160000000.0,FCFA,Japoma,17,500
180000000.0,FCFA,Japoma,6,500
130000.0,FCFA,Douala,1,200
45000.0,FCFA,Bonaberi,4,32
35000.0,FCFA,Ange Raphael,3,
125000.0,FCFA,Beedi,8,300
60000.0,FCFA,Kerawa,4,42
120000.0,FCFA,Ndog-Bong,6,99
700000.0,FCFA,Bonapriso,11,165
80000.0,FCFA,Yassa,6,99
120000.0,FCFA,Logbessou,7,150
75000.0,FCFA,PK10,5,00
90000.0,FCFA,Logbessou,6,100
100000.0,FCFA,Logbessou,6,120
100000.0,FCFA,Deido,5,85
80000.0,FCFA,Village,6,950
65000.0,FCFA,Beedi,5,88
45000.0,FCFA,Village,6,350
60000.0,FCFA,Yassa,4,358
125000.0,FCFA,Beedi,7,99
60000.0,FCFA,PK13,6,38
400000.0,FCFA,Logpom,20,500
250000.0,FCFA,Makepe,
50000.0,FCFA,PK13,4,42
65000.0,FCFA,Beedi,5,65
75000.0,FCFA,PK12,6,75
70000.0,FCFA,Makepe,4,43
125000.0,FCFA,Beedi,8,79
120000.0,FCFA,Logbessou,7,75
50000.0,FCFA,Ange Raphael,4,42
142000.0,FCFA,Logbessou,7,75
150000.0,FCFA,Logpom,6,130
150000.0,FCFA,Logpom,6,130
3000000.0,FCFA,Bonapriso,15,850
110000.0,FCFA,Kotto,6,110
50000.0,FCFA,Bassa,4,80
55000.0,FCFA,Logbessou,4,50
45000.0,FCFA,PK10,4,45
35000.0,FCFA,Bassa,4,50
60000.0,FCFA,Logbessou,4,50
750000.0,FCFA,Bonapriso,9,120
180000.0,FCFA,Logbessou,
200000.0,FCFA,Bonapriso,8,120
700000.0,FCFA,Bonanjo,5,150
45000.0,FCFA,Bonaberi,4,32
270000.0,FCFA,Bonapriso,4,130
100000.0,FCFA,Yassa,2,45
110000.0,FCFA,Kotto,8,100
350000.0,FCFA,Bonamoussadi,5,145
200000.0,FCFA,Kotto,5,140
80000.0,FCFA,Yassa,6,201
230000.0,FCFA,Kotto,5,150
120000.0,FCFA,Logbessou,4,125
150000.0,FCFA,Bonapriso,3,50
25000.0,FCFA,Bonaberi,2,20
170000.0,FCFA,Makepe,7,
150000.0,FCFA,Douala,7,90
150000.0,FCFA,Douala,7,100
110000.0,FCFA,Deido,10,
50000.0,FCFA,Ndog-Bong,4,40
120000.0,FCFA,Makepe,5,100
100000.0,FCFA,Bonaberi,7,105
80000.0,FCFA,Nyalla,5,100
50000.0,FCFA,PK12,4,40
550000.0,FCFA,Bonapriso,9,160
80000.0,FCFA,Yassa,6,201
45000.0,FCFA,Bonaberi,4,32
45000.0,FCFA,Bonaberi,4,32
100000.0,FCFA,Yassa,7,70
142000.0,FCFA,Logbessou,9,180
40000.0,FCFA,Deido,1,30
80000.0,FCFA,Yassa,2,45
150000.0,FCFA,Bepanda,4,90
150000.0,FCFA,Kotto,4,90
180000.0,FCFA,Logbessou,7,204
80000.0,FCFA,Nyalla,6,80
150000.0,FCFA,Saintichel,4,35
35000.0,FCFA,PK13,2,17
110000.0,FCFA,Makepe,6,90
50000.0,FCFA,PK12,4,32
45000.0,FCFA,Bonaberi,
45000.0,FCFA,Douala,3,20
175000.0,FCFA,Logpom,10,80
70000.0,FCFA,Cite des Palmiers,5,
30000.0,FCFA,Ndog-Bong,4,50
11000.0,FCFA,Beedi,7,78
25000.0,FCFA,Ange Raphael,2,
87000.0,FCFA,Logbessou,5,140
90000.0,FCFA,Logbessou,9,150
25000.0,FCFA,Makepe,2,15
90000.0,FCFA,Logbessou,6,201
150000.0,FCFA,Ndog-Bong,7,99
80000.0,FCFA,Logbaba,6,70
90000.0,FCFA,Logbessou,6,150
85000.0,FCFA,Logpom,4,100
30000000.0,FCFA,PK12,9,244
150000.0,FCFA,Logpom,7,250
70000.0,FCFA,Bepanda,4,88
75000.0,FCFA,Logbessou,4,45
160000.0,FCFA,Makepe,6,99
75000.0,FCFA,Logpom,4,46
60000.0,FCFA,Logpom,4,45
12000000.0,FCFA,PK16,12,200
180000.0,FCFA,Logbessou,8,89
150000.0,FCFA,Logbessou,7,89
90000.0,FCFA,Logbessou,7,89
87000.0,FCFA,Logbessou,5,87
60000.0,FCFA,Logpom,5,100
80000.0,FCFA,Makepe,8,200
75000.0,FCFA,Logpom,5,150
75000.0,FCFA,Nyalla,4,1500
130000.0,FCFA,Ndogpassi,6,2000
100000.0,FCFA,Logpom,5,1500
130000.0,FCFA,Logpom,6,2000
110000.0,FCFA,Makepe,6,1500
150000.0,FCFA,Kotto,6,100
150000.0,FCFA,Logpom,7,250
700000000.0,FCFA,Bonamoussadi,1,500
150000000.0,FCFA,Kotto,14,500
75000.0,FCFA,Logpom,4,183
150000.0,FCFA,Kotto,11,180
100000.0,FCFA,Yassa,7,900
30000000.0,FCFA,PK12,9,244
125000.0,FCFA,Yassa,8,690
80000.0,FCFA,Village,6,650
160000.0,FCFA,Logpom,8,120
80000.0,FCFA,Yassa,6,650
75000.0,FCFA,Logpom,4,55
85000.0,FCFA,Bepanda,6,100
80000.0,FCFA,Village,6,650
75000.0,FCFA,Logpom,5,100
130000000.0,FCFA,Makepe,14,400
250000.0,FCFA,Ndog-Bong,7,
100000.0,FCFA,Makepe,7,100
180000.0,FCFA,Makepe,
170000.0,FCFA,Makepe,
160000.0,FCFA,Makepe,7,160
100000.0,FCFA,Logpom,7,100
1200000.0,FCFA,Bonapriso,8,350
115000.0,FCFA,Logbessou,4,50
200000.0,FCFA,Logbessou,6,80
100000.0,FCFA,Makepe,6,100
120000.0,FCFA,Beedi,6,110
250000.0,FCFA,Logpom,10,300
115000.0,FCFA,Kotto,6,100
150000.0,FCFA,Kotto,6,110
200000.0,FCFA,Makepe,6,110
200000.0,FCFA,Bonamoussadi,8,120
45000.0,FCFA,Bonaberi,4,60
90000.0,FCFA,Makepe,4,50
120000.0,FCFA,Kotto,6,110
35000.0,FCFA,Ange Raphael,5,100
55000.0,FCFA,Bonamoussadi,4,00
45000.0,FCFA,PK10,4,30
350000.0,FCFA,Kotto,12,350
15000000.0,FCFA,Logbessou,8,150
60000.0,FCFA,Logbaba,4,30
350000.0,FCFA,Kotto,10,300
45000000.0,FCFA,Japoma,12,300
45000.0,FCFA,Makepe,4,30
250000000.0,FCFA,Yassa,8,575
1700000.0,FCFA,Bonapriso,6,400
150000.0,FCFA,Logpom,7,200
400000.0,FCFA,Akwa,6,200
170000.0,FCFA,Bonamoussadi,4,125
150000.0,FCFA,Makepe,7,203
150000.0,FCFA,Ange Raphael,6,100
250000.0,FCFA,Logpom,8,300
150000.0,FCFA,Kotto,4,125
35000.0,FCFA,Ange Raphael,3,
150000.0,FCFA,Kotto,8,150
60000.0,FCFA,Bassa,6,80
1000000.0,FCFA,Bonapriso,10,500
250000.0,FCFA,Bonapriso,5,100
400000.0,FCFA,Bonapriso,8,200
350000.0,FCFA,Bonamoussadi,10,200
120000.0,FCFA,Kotto,6,300
200000000.0,FCFA,Yassa,13,575
50000000.0,FCFA,PK21,8,500
100000.0,FCFA,PK12,5,25
120000.0,FCFA,Deido,3,95
190000000.0,FCFA,Logpom,13,500
100000.0,FCFA,Akwa Nord,9,160
130000.0,FCFA,Makepe,5,125
200000.0,FCFA,Saintichel,2,50
85000.0,FCFA,Kotto,2,40
125000.0,FCFA,Makepe,5,120
125000.0,FCFA,Makepe,5,130
450000.0,FCFA,Bonamoussadi,
600000.0,FCFA,Bonapriso,9,250
110000.0,FCFA,Makepe,6,100
200000.0,FCFA,Bonamoussadi,7,80
250000.0,FCFA,Bonamoussadi,7,70
60000.0,FCFA,Logpom,4,50
600000.0,FCFA,Bonapriso,9,250
75000.0,FCFA,Logpom,4,50
55000.0,FCFA,Logbessou,4,50
60000.0,FCFA,Bonaberi,3,100
60000.0,FCFA,Logbessou,4,50
140000.0,FCFA,Makepe,6,100
350000.0,FCFA,Bonapriso,7,120
60000.0,FCFA,PK10,4,50
100000.0,FCFA,Bonamoussadi,4,100
230000.0,FCFA,Kotto,9,200
120000.0,FCFA,Makepe,6,110
80000.0,FCFA,Makepe,4,50
45000.0,FCFA,PK10,4,40
110000.0,FCFA,Kotto,6,100
150000.0,FCFA,Kotto,10,100
200000.0,FCFA,Kotto,10,200
80000.0,FCFA,Kotto,7,100
250000.0,FCFA,Yassa,9,200
180000.0,FCFA,Bonamoussadi,9,150
30000.0,FCFA,Ndog-Bong,1,12
130000.0,FCFA,PK10,7,00
100000.0,FCFA,PK10,7,00
80000.0,FCFA,Logpom,4,50
60000.0,FCFA,Yassa,4,350
200000.0,FCFA,Yassa,10,1200
80000.0,FCFA,Logpom,4,50
60000.0,FCFA,Yassa,4,350
50000.0,FCFA,Village,4,350
80000.0,FCFA,Village,6,650
80000.0,FCFA,Yassa,6,550
100000.0,FCFA,Yassa,7,950
80000.0,FCFA,Village,6,550
100000.0,FCFA,Yassa,7,950
50000.0,FCFA,Yassa,4,25
90000.0,FCFA,Deido,4,90
250000.0,FCFA,Makepe,9,2000
20000000.0,FCFA,Beedi,12,500
20000000.0,FCFA,Logbaba,10,339
50000.0,FCFA,Bonamoussadi,4,01
120000.0,FCFA,Makepe,6,100
40000.0,FCFA,Ndog-Bong,3,
70000.0,FCFA,Makepe,2,60
100000.0,FCFA,PK12,3,80
250000.0,FCFA,Bali,2,60
150000.0,FCFA,Logpom,6,180
40000.0,FCFA,Bepanda,3,
30000.0,FCFA,PK8,3,
60000.0,FCFA,Bassa,4,50
40000.0,FCFA,Bepanda,4,60
50000.0,FCFA,PK11,5,25
130000.0,FCFA,Bp Cite,7,00
250000.0,FCFA,Akwa,6,00
55000.0,FCFA,Logbaba,6,50
200000.0,FCFA,Bonamoussadi,7,70
150000.0,FCFA,Bepanda,6,200
450000.0,FCFA,Bonamoussadi,10,200
300000.0,FCFA,Bonamoussadi,7,
40000.0,FCFA,Bonamoussadi,4,50
100000.0,FCFA,Deido,4,180
250000.0,FCFA,Kotto,8,250
40000000.0,FCFA,PK12,10,244
70000.0,FCFA,Bonamoussadi,6,00
100000.0,FCFA,Makepe,6,80
70000.0,FCFA,Ndog-Bong,5,70
85000.0,FCFA,Cit� Sic,5,100
120000.0,FCFA,Bepanda,10,
130000.0,FCFA,Logbessou,7,90
80000.0,FCFA,Yassa,5,100
100000.0,FCFA,Yassa,7,950
100000.0,FCFA,Village,7,900
100000.0,FCFA,Makepe,5,150
50000.0,FCFA,Village,4,350
50000.0,FCFA,Village,4,350
40000.0,FCFA,Cit� Sic,3,30
50000.0,FCFA,Akwa Nord,4,50
100000.0,FCFA,Nyalla,9,70
100000.0,FCFA,PK12,8,200
150000.0,FCFA,Kotto,8,160
82000.0,FCFA,Logpom,4,100
130000.0,FCFA,Logpom,6,150
250000.0,FCFA,Logpom,8,25
250000.0,FCFA,Logpom,10,250
30000.0,FCFA,Ndog-Bong,3,30
50000.0,FCFA,Village,4,350
80000000.0,FCFA,Kotto,5,300
75000.0,FCFA,Bonamoussadi,5,120
75000000.0,FCFA,Bonamoussadi,4,376
60000.0,FCFA,Yassa,4,350
120000.0,FCFA,Makepe,8,180
100000.0,FCFA,Yassa,7,800
120000.0,FCFA,Makepe,6,100
110000.0,FCFA,Kotto,8,180
100000.0,FCFA,Yassa,7,1100
120000.0,FCFA,Yassa,8,1200
200000.0,FCFA,Logpom,10,180
80000.0,FCFA,Village,6,550
80000.0,FCFA,Village,6,550
80000.0,FCFA,Yassa,6,550
65000.0,FCFA,Village,5,350
650000.0,FCFA,Bonapriso,6,300
140000000.0,FCFA,Bonamoussadi,9,400
70000.0,FCFA,Bassa,4,80
350000.0,FCFA,Bonamoussadi,11,400
500000.0,FCFA,Deido,7,150
250000.0,FCFA,Makepe,10,250
250000.0,FCFA,Makepe,8,100
150000.0,FCFA,Logpom,
45000.0,FCFA,Ange Raphael,3,45
40000.0,FCFA,Bonaberi,4,40
40000.0,FCFA,Bonaberi,4,40
85000.0,FCFA,Logbaba,2,45
60000.0,FCFA,PK13,2,40
100000.0,FCFA,Ndog-Bong,5,654
40000.0,FCFA,Ndog-Bong,5,687
70000.0,FCFA,Makepe,5,684
120000.0,FCFA,Bonamoussadi,5,100
85000.0,FCFA,Cit� Sic,6,85
50000.0,FCFA,Ange Raphael,3,50
90000.0,FCFA,Deido,4,50
60000.0,FCFA,PK13,5,50
30000000.0,FCFA,Logbaba,9,500
90000.0,FCFA,Bassa,6,
50000.0,FCFA,PK13,4,
40000.0,FCFA,Ange Raphael,3,40
300000.0,FCFA,Bonamoussadi,8,120
90000.0,FCFA,Deido,4,50
130000000.0,FCFA,Makepe,20,400
80000.0,FCFA,Logpom,4,80
100000.0,FCFA,Logpom,6,80
120000.0,FCFA,Logpom,6,70
3000000.0,FCFA,Bonapriso,18,1000
75000.0,FCFA,Bonamoussadi,4,50
2000000.0,FCFA,Bonapriso,10,600
1800000.0,FCFA,Bonanjo,10,600
120000.0,FCFA,Makepe,6,100
80000.0,FCFA,Village,7,950
350000.0,FCFA,Bonamoussadi,10,800
75000.0,FCFA,Ange Raphael,5,80
120000.0,FCFA,Cite des Palmiers,8,
200000.0,FCFA,Bonamoussadi,8,250
25000.0,FCFA,Ndog-Bong,4,80
100000.0,FCFA,Makepe,5,100
1500000.0,FCFA,Bonapriso,9,600
60000.0,FCFA,Yassa,4,350
60000.0,FCFA,Yassa,4,350
120000.0,FCFA,Village,7,1200
35000.0,FCFA,Ange Raphael,1,30
2000000.0,FCFA,Bonapriso,6,800
30000.0,FCFA,Ndog-Bong,1,30
400000.0,FCFA,Akwa,9,170
350000.0,FCFA,Bonamoussadi,9,200
150000.0,FCFA,Village,6,950
100000.0,FCFA,Yassa,7,850
35000.0,FCFA,Ange Raphael,3,
80000.0,FCFA,Yassa,6,750
110000.0,FCFA,Kotto,6,100
50000.0,FCFA,Village,4,450
45000.0,FCFA,Village,4,350
150000.0,FCFA,Village,7,550
75000.0,FCFA,Bonamoussadi,4,50
50000.0,FCFA,Village,4,350
80000.0,FCFA,Ndog-Bong,4,50
100000.0,FCFA,Makepe,4,50
2000000.0,FCFA,Bonapriso,15,700
85000.0,FCFA,Bepanda,5,80
3500000.0,FCFA,Bonapriso,18,800
130000.0,FCFA,Logpom,6,150
2000000.0,FCFA,Bonanjo,9,600
85000.0,FCFA,Bepanda,6,70
800000.0,FCFA,Bonanjo,5,1200
450000.0,FCFA,Bonapriso,3,70
800000.0,FCFA,Makepe,15,700
150000.0,FCFA,Cite des Palmiers,7,78
45000.0,FCFA,Ndog-Bong,4,42
100000.0,FCFA,Beedi,8,75
75000000.0,FCFA,Kotto,15,250
250000.0,FCFA,Logpom,12,200
50000.0,FCFA,Logbessou,5,42
150000.0,FCFA,Logpom,7,200
82000.0,FCFA,Logpom,4,80
80000.0,FCFA,Logpom,6,80
200000.0,FCFA,Makepe,8,250
140000.0,FCFA,Bepanda,6,80
50000.0,FCFA,Deido,3,25
250000.0,FCFA,Makepe,10,180
250000.0,FCFA,Logpom,8,500
90000.0,FCFA,Makepe,4,100
200000.0,FCFA,Yassa,6,120
100000.0,FCFA,Beedi,5,100
200000.0,FCFA,Makepe,8,300
700000.0,FCFA,Douala,7,125
170000000.0,FCFA,Bonaberi,19,600
90000.0,FCFA,Makepe,4,207
90000.0,FCFA,Makepe,
200000.0,FCFA,Yassa,7,204
250000.0,FCFA,Logpom,15,200
350000.0,FCFA,Bonamoussadi,8,200
500000.0,FCFA,Bonamoussadi,14,250
85000.0,FCFA,New Bell,5,22
50000.0,FCFA,Bonaberi,4,70
250000.0,FCFA,Logpom,13,250
750000.0,FCFA,Bonapriso,9,90
170000.0,FCFA,Makepe,7,80
100000.0,FCFA,Bepanda,4,60
100000.0,FCFA,Akwa Nord,6,80
180000.0,FCFA,Logpom,8,90
40000000.0,FCFA,Bassa,10,244
80000.0,FCFA,Bonamoussadi,4,60
150000.0,FCFA,Ange Raphael,7,80
120000.0,FCFA,Makepe,7,100
60000.0,FCFA,Yassa,2,35
30000.0,FCFA,Logbaba,3,18
10000000.0,FCFA,Mbangue,2,120
200000.0,FCFA,Bonamoussadi,6,100
110000.0,FCFA,Kotto,6,100
200000.0,FCFA,Makepe,8,120
170000.0,FCFA,Logpom,8,01
150000.0,FCFA,Makepe,8,100
200000.0,FCFA,Makepe,10,200
40000.0,FCFA,Ndog-Bong,3,01
80000.0,FCFA,Makepe,6,150
45000.0,FCFA,Ndog-Bong,4,01
150000.0,FCFA,Makepe,7,99
